,image_x1_path,image_x1_filename,image_x1_dim,image_x2_path,image_x2_filename,image_x2_dim,image_x4_path,image_x4_filename,image_x4_dim,image_x8_path,image_x8_filename,image_x8_dim,image_x16_path,image_x16_filename,image_x16_dim
864,/l/vision/v5/sragas/ETH_3D/x1/images_rig_cam4_1474982928333483972x1.png,images_rig_cam4_1474982928333483972x1.png,32x32,/l/vision/v5/sragas/ETH_3D/x2/images_rig_cam4_1474982928333483972x2.png,images_rig_cam4_1474982928333483972x2.png,64x64,/l/vision/v5/sragas/ETH_3D/x4/images_rig_cam4_1474982928333483972x4.png,images_rig_cam4_1474982928333483972x4.png,128x128,/l/vision/v5/sragas/ETH_3D/x8/images_rig_cam4_1474982928333483972x8.png,images_rig_cam4_1474982928333483972x8.png,256x256,/l/vision/v5/sragas/ETH_3D/x16/images_rig_cam4_1474982928333483972x16.png,images_rig_cam4_1474982928333483972x16.png,512x512
1674,/l/vision/v5/sragas/ETH_3D/x1/images_rig_cam5_1477833695053803598x1.png,images_rig_cam5_1477833695053803598x1.png,32x32,/l/vision/v5/sragas/ETH_3D/x2/images_rig_cam5_1477833695053803598x2.png,images_rig_cam5_1477833695053803598x2.png,64x64,/l/vision/v5/sragas/ETH_3D/x4/images_rig_cam5_1477833695053803598x4.png,images_rig_cam5_1477833695053803598x4.png,128x128,/l/vision/v5/sragas/ETH_3D/x8/images_rig_cam5_1477833695053803598x8.png,images_rig_cam5_1477833695053803598x8.png,256x256,/l/vision/v5/sragas/ETH_3D/x16/images_rig_cam5_1477833695053803598x16.png,images_rig_cam5_1477833695053803598x16.png,512x512
1628,/l/vision/v5/sragas/ETH_3D/x1/images_rig_cam5_1477833691662315598x1.png,images_rig_cam5_1477833691662315598x1.png,32x32,/l/vision/v5/sragas/ETH_3D/x2/images_rig_cam5_1477833691662315598x2.png,images_rig_cam5_1477833691662315598x2.png,64x64,/l/vision/v5/sragas/ETH_3D/x4/images_rig_cam5_1477833691662315598x4.png,images_rig_cam5_1477833691662315598x4.png,128x128,/l/vision/v5/sragas/ETH_3D/x8/images_rig_cam5_1477833691662315598x8.png,images_rig_cam5_1477833691662315598x8.png,256x256,/l/vision/v5/sragas/ETH_3D/x16/images_rig_cam5_1477833691662315598x16.png,images_rig_cam5_1477833691662315598x16.png,512x512
752,/l/vision/v5/sragas/ETH_3D/x1/images_rig_cam4_1474975207722354738x1.png,images_rig_cam4_1474975207722354738x1.png,32x32,/l/vision/v5/sragas/ETH_3D/x2/images_rig_cam4_1474975207722354738x2.png,images_rig_cam4_1474975207722354738x2.png,64x64,/l/vision/v5/sragas/ETH_3D/x4/images_rig_cam4_1474975207722354738x4.png,images_rig_cam4_1474975207722354738x4.png,128x128,/l/vision/v5/sragas/ETH_3D/x8/images_rig_cam4_1474975207722354738x8.png,images_rig_cam4_1474975207722354738x8.png,256x256,/l/vision/v5/sragas/ETH_3D/x16/images_rig_cam4_1474975207722354738x16.png,images_rig_cam4_1474975207722354738x16.png,512x512
598,/l/vision/v5/sragas/ETH_3D/x1/images_rig_cam4_1474975196294514738x1.png,images_rig_cam4_1474975196294514738x1.png,32x32,/l/vision/v5/sragas/ETH_3D/x2/images_rig_cam4_1474975196294514738x2.png,images_rig_cam4_1474975196294514738x2.png,64x64,/l/vision/v5/sragas/ETH_3D/x4/images_rig_cam4_1474975196294514738x4.png,images_rig_cam4_1474975196294514738x4.png,128x128,/l/vision/v5/sragas/ETH_3D/x8/images_rig_cam4_1474975196294514738x8.png,images_rig_cam4_1474975196294514738x8.png,256x256,/l/vision/v5/sragas/ETH_3D/x16/images_rig_cam4_1474975196294514738x16.png,images_rig_cam4_1474975196294514738x16.png,512x512
1450,/l/vision/v5/sragas/ETH_3D/x1/images_rig_cam4_1477833696233451598x1.png,images_rig_cam4_1477833696233451598x1.png,32x32,/l/vision/v5/sragas/ETH_3D/x2/images_rig_cam4_1477833696233451598x2.png,images_rig_cam4_1477833696233451598x2.png,64x64,/l/vision/v5/sragas/ETH_3D/x4/images_rig_cam4_1477833696233451598x4.png,images_rig_cam4_1477833696233451598x4.png,128x128,/l/vision/v5/sragas/ETH_3D/x8/images_rig_cam4_1477833696233451598x8.png,images_rig_cam4_1477833696233451598x8.png,256x256,/l/vision/v5/sragas/ETH_3D/x16/images_rig_cam4_1477833696233451598x16.png,images_rig_cam4_1477833696233451598x16.png,512x512
141,/l/vision/v5/sragas/ETH_3D/x1/images_rig_cam4_1477843927508135523x1.png,images_rig_cam4_1477843927508135523x1.png,32x32,/l/vision/v5/sragas/ETH_3D/x2/images_rig_cam4_1477843927508135523x2.png,images_rig_cam4_1477843927508135523x2.png,64x64,/l/vision/v5/sragas/ETH_3D/x4/images_rig_cam4_1477843927508135523x4.png,images_rig_cam4_1477843927508135523x4.png,128x128,/l/vision/v5/sragas/ETH_3D/x8/images_rig_cam4_1477843927508135523x8.png,images_rig_cam4_1477843927508135523x8.png,256x256,/l/vision/v5/sragas/ETH_3D/x16/images_rig_cam4_1477843927508135523x16.png,images_rig_cam4_1477843927508135523x16.png,512x512
2,/l/vision/v5/sragas/ETH_3D/x1/images_rig_cam41474982922066603972x1.png,images_rig_cam41474982922066603972x1.png,32x32,/l/vision/v5/sragas/ETH_3D/x2/images_rig_cam41474982922066603972x2.png,images_rig_cam41474982922066603972x2.png,64x64,/l/vision/v5/sragas/ETH_3D/x4/images_rig_cam41474982922066603972x4.png,images_rig_cam41474982922066603972x4.png,128x128,/l/vision/v5/sragas/ETH_3D/x8/images_rig_cam41474982922066603972x8.png,images_rig_cam41474982922066603972x8.png,256x256,/l/vision/v5/sragas/ETH_3D/x16/images_rig_cam41474982922066603972x16.png,images_rig_cam41474982922066603972x16.png,512x512
1843,/l/vision/v5/sragas/ETH_3D/x1/images_rig_cam4_1477838503094897559x1.png,images_rig_cam4_1477838503094897559x1.png,32x32,/l/vision/v5/sragas/ETH_3D/x2/images_rig_cam4_1477838503094897559x2.png,images_rig_cam4_1477838503094897559x2.png,64x64,/l/vision/v5/sragas/ETH_3D/x4/images_rig_cam4_1477838503094897559x4.png,images_rig_cam4_1477838503094897559x4.png,128x128,/l/vision/v5/sragas/ETH_3D/x8/images_rig_cam4_1477838503094897559x8.png,images_rig_cam4_1477838503094897559x8.png,256x256,/l/vision/v5/sragas/ETH_3D/x16/images_rig_cam4_1477838503094897559x16.png,images_rig_cam4_1477838503094897559x16.png,512x512
1811,/l/vision/v5/sragas/ETH_3D/x1/images_rig_cam4_1477838500735601559x1.png,images_rig_cam4_1477838500735601559x1.png,32x32,/l/vision/v5/sragas/ETH_3D/x2/images_rig_cam4_1477838500735601559x2.png,images_rig_cam4_1477838500735601559x2.png,64x64,/l/vision/v5/sragas/ETH_3D/x4/images_rig_cam4_1477838500735601559x4.png,images_rig_cam4_1477838500735601559x4.png,128x128,/l/vision/v5/sragas/ETH_3D/x8/images_rig_cam4_1477838500735601559x8.png,images_rig_cam4_1477838500735601559x8.png,256x256,/l/vision/v5/sragas/ETH_3D/x16/images_rig_cam4_1477838500735601559x16.png,images_rig_cam4_1477838500735601559x16.png,512x512
1120,/l/vision/v5/sragas/ETH_3D/x1/images_rig_cam5_1474982928259755972x1.png,images_rig_cam5_1474982928259755972x1.png,32x32,/l/vision/v5/sragas/ETH_3D/x2/images_rig_cam5_1474982928259755972x2.png,images_rig_cam5_1474982928259755972x2.png,64x64,/l/vision/v5/sragas/ETH_3D/x4/images_rig_cam5_1474982928259755972x4.png,images_rig_cam5_1474982928259755972x4.png,128x128,/l/vision/v5/sragas/ETH_3D/x8/images_rig_cam5_1474982928259755972x8.png,images_rig_cam5_1474982928259755972x8.png,256x256,/l/vision/v5/sragas/ETH_3D/x16/images_rig_cam5_1474982928259755972x16.png,images_rig_cam5_1474982928259755972x16.png,512x512
339,/l/vision/v5/sragas/ETH_3D/x1/images_rig_cam5_1477843924632743523x1.png,images_rig_cam5_1477843924632743523x1.png,32x32,/l/vision/v5/sragas/ETH_3D/x2/images_rig_cam5_1477843924632743523x2.png,images_rig_cam5_1477843924632743523x2.png,64x64,/l/vision/v5/sragas/ETH_3D/x4/images_rig_cam5_1477843924632743523x4.png,images_rig_cam5_1477843924632743523x4.png,128x128,/l/vision/v5/sragas/ETH_3D/x8/images_rig_cam5_1477843924632743523x8.png,images_rig_cam5_1477843924632743523x8.png,256x256,/l/vision/v5/sragas/ETH_3D/x16/images_rig_cam5_1477843924632743523x16.png,images_rig_cam5_1477843924632743523x16.png,512x512
588,/l/vision/v5/sragas/ETH_3D/x1/images_rig_cam4_1474975195557234738x1.png,images_rig_cam4_1474975195557234738x1.png,32x32,/l/vision/v5/sragas/ETH_3D/x2/images_rig_cam4_1474975195557234738x2.png,images_rig_cam4_1474975195557234738x2.png,64x64,/l/vision/v5/sragas/ETH_3D/x4/images_rig_cam4_1474975195557234738x4.png,images_rig_cam4_1474975195557234738x4.png,128x128,/l/vision/v5/sragas/ETH_3D/x8/images_rig_cam4_1474975195557234738x8.png,images_rig_cam4_1474975195557234738x8.png,256x256,/l/vision/v5/sragas/ETH_3D/x16/images_rig_cam4_1474975195557234738x16.png,images_rig_cam4_1474975195557234738x16.png,512x512
480,/l/vision/v5/sragas/ETH_3D/x1/images_rig_cam4_1474975187594610738x1.png,images_rig_cam4_1474975187594610738x1.png,32x32,/l/vision/v5/sragas/ETH_3D/x2/images_rig_cam4_1474975187594610738x2.png,images_rig_cam4_1474975187594610738x2.png,64x64,/l/vision/v5/sragas/ETH_3D/x4/images_rig_cam4_1474975187594610738x4.png,images_rig_cam4_1474975187594610738x4.png,128x128,/l/vision/v5/sragas/ETH_3D/x8/images_rig_cam4_1474975187594610738x8.png,images_rig_cam4_1474975187594610738x8.png,256x256,/l/vision/v5/sragas/ETH_3D/x16/images_rig_cam4_1474975187594610738x16.png,images_rig_cam4_1474975187594610738x16.png,512x512
1201,/l/vision/v5/sragas/ETH_3D/x1/images_rig_cam5_1474982934379179972x1.png,images_rig_cam5_1474982934379179972x1.png,32x32,/l/vision/v5/sragas/ETH_3D/x2/images_rig_cam5_1474982934379179972x2.png,images_rig_cam5_1474982934379179972x2.png,64x64,/l/vision/v5/sragas/ETH_3D/x4/images_rig_cam5_1474982934379179972x4.png,images_rig_cam5_1474982934379179972x4.png,128x128,/l/vision/v5/sragas/ETH_3D/x8/images_rig_cam5_1474982934379179972x8.png,images_rig_cam5_1474982934379179972x8.png,256x256,/l/vision/v5/sragas/ETH_3D/x16/images_rig_cam5_1474982934379179972x16.png,images_rig_cam5_1474982934379179972x16.png,512x512
1272,/l/vision/v5/sragas/ETH_3D/x1/images_rig_cam5_1474982939613867972x1.png,images_rig_cam5_1474982939613867972x1.png,32x32,/l/vision/v5/sragas/ETH_3D/x2/images_rig_cam5_1474982939613867972x2.png,images_rig_cam5_1474982939613867972x2.png,64x64,/l/vision/v5/sragas/ETH_3D/x4/images_rig_cam5_1474982939613867972x4.png,images_rig_cam5_1474982939613867972x4.png,128x128,/l/vision/v5/sragas/ETH_3D/x8/images_rig_cam5_1474982939613867972x8.png,images_rig_cam5_1474982939613867972x8.png,256x256,/l/vision/v5/sragas/ETH_3D/x16/images_rig_cam5_1474982939613867972x16.png,images_rig_cam5_1474982939613867972x16.png,512x512
1489,/l/vision/v5/sragas/ETH_3D/x1/images_rig_cam4_1477833699108843598x1.png,images_rig_cam4_1477833699108843598x1.png,32x32,/l/vision/v5/sragas/ETH_3D/x2/images_rig_cam4_1477833699108843598x2.png,images_rig_cam4_1477833699108843598x2.png,64x64,/l/vision/v5/sragas/ETH_3D/x4/images_rig_cam4_1477833699108843598x4.png,images_rig_cam4_1477833699108843598x4.png,128x128,/l/vision/v5/sragas/ETH_3D/x8/images_rig_cam4_1477833699108843598x8.png,images_rig_cam4_1477833699108843598x8.png,256x256,/l/vision/v5/sragas/ETH_3D/x16/images_rig_cam4_1477833699108843598x16.png,images_rig_cam4_1477833699108843598x16.png,512x512
271,/l/vision/v5/sragas/ETH_3D/x1/images_rig_cam5_1477843919619239523x1.png,images_rig_cam5_1477843919619239523x1.png,32x32,/l/vision/v5/sragas/ETH_3D/x2/images_rig_cam5_1477843919619239523x2.png,images_rig_cam5_1477843919619239523x2.png,64x64,/l/vision/v5/sragas/ETH_3D/x4/images_rig_cam5_1477843919619239523x4.png,images_rig_cam5_1477843919619239523x4.png,128x128,/l/vision/v5/sragas/ETH_3D/x8/images_rig_cam5_1477843919619239523x8.png,images_rig_cam5_1477843919619239523x8.png,256x256,/l/vision/v5/sragas/ETH_3D/x16/images_rig_cam5_1477843919619239523x16.png,images_rig_cam5_1477843919619239523x16.png,512x512
184,/l/vision/v5/sragas/ETH_3D/x1/images_rig_cam4_1477843930678439523x1.png,images_rig_cam4_1477843930678439523x1.png,32x32,/l/vision/v5/sragas/ETH_3D/x2/images_rig_cam4_1477843930678439523x2.png,images_rig_cam4_1477843930678439523x2.png,64x64,/l/vision/v5/sragas/ETH_3D/x4/images_rig_cam4_1477843930678439523x4.png,images_rig_cam4_1477843930678439523x4.png,128x128,/l/vision/v5/sragas/ETH_3D/x8/images_rig_cam4_1477843930678439523x8.png,images_rig_cam4_1477843930678439523x8.png,256x256,/l/vision/v5/sragas/ETH_3D/x16/images_rig_cam4_1477843930678439523x16.png,images_rig_cam4_1477843930678439523x16.png,512x512
874,/l/vision/v5/sragas/ETH_3D/x1/images_rig_cam4_1474982929070763972x1.png,images_rig_cam4_1474982929070763972x1.png,32x32,/l/vision/v5/sragas/ETH_3D/x2/images_rig_cam4_1474982929070763972x2.png,images_rig_cam4_1474982929070763972x2.png,64x64,/l/vision/v5/sragas/ETH_3D/x4/images_rig_cam4_1474982929070763972x4.png,images_rig_cam4_1474982929070763972x4.png,128x128,/l/vision/v5/sragas/ETH_3D/x8/images_rig_cam4_1474982929070763972x8.png,images_rig_cam4_1474982929070763972x8.png,256x256,/l/vision/v5/sragas/ETH_3D/x16/images_rig_cam4_1474982929070763972x16.png,images_rig_cam4_1474982929070763972x16.png,512x512
244,/l/vision/v5/sragas/ETH_3D/x1/images_rig_cam5_1477843917628583523x1.png,images_rig_cam5_1477843917628583523x1.png,32x32,/l/vision/v5/sragas/ETH_3D/x2/images_rig_cam5_1477843917628583523x2.png,images_rig_cam5_1477843917628583523x2.png,64x64,/l/vision/v5/sragas/ETH_3D/x4/images_rig_cam5_1477843917628583523x4.png,images_rig_cam5_1477843917628583523x4.png,128x128,/l/vision/v5/sragas/ETH_3D/x8/images_rig_cam5_1477843917628583523x8.png,images_rig_cam5_1477843917628583523x8.png,256x256,/l/vision/v5/sragas/ETH_3D/x16/images_rig_cam5_1477843917628583523x16.png,images_rig_cam5_1477843917628583523x16.png,512x512
602,/l/vision/v5/sragas/ETH_3D/x1/images_rig_cam4_1474975196589426738x1.png,images_rig_cam4_1474975196589426738x1.png,32x32,/l/vision/v5/sragas/ETH_3D/x2/images_rig_cam4_1474975196589426738x2.png,images_rig_cam4_1474975196589426738x2.png,64x64,/l/vision/v5/sragas/ETH_3D/x4/images_rig_cam4_1474975196589426738x4.png,images_rig_cam4_1474975196589426738x4.png,128x128,/l/vision/v5/sragas/ETH_3D/x8/images_rig_cam4_1474975196589426738x8.png,images_rig_cam4_1474975196589426738x8.png,256x256,/l/vision/v5/sragas/ETH_3D/x16/images_rig_cam4_1474975196589426738x16.png,images_rig_cam4_1474975196589426738x16.png,512x512
1734,/l/vision/v5/sragas/ETH_3D/x1/images_rig_cam5_1477833699477483598x1.png,images_rig_cam5_1477833699477483598x1.png,32x32,/l/vision/v5/sragas/ETH_3D/x2/images_rig_cam5_1477833699477483598x2.png,images_rig_cam5_1477833699477483598x2.png,64x64,/l/vision/v5/sragas/ETH_3D/x4/images_rig_cam5_1477833699477483598x4.png,images_rig_cam5_1477833699477483598x4.png,128x128,/l/vision/v5/sragas/ETH_3D/x8/images_rig_cam5_1477833699477483598x8.png,images_rig_cam5_1477833699477483598x8.png,256x256,/l/vision/v5/sragas/ETH_3D/x16/images_rig_cam5_1477833699477483598x16.png,images_rig_cam5_1477833699477483598x16.png,512x512
764,/l/vision/v5/sragas/ETH_3D/x1/images_rig_cam4_1474975208607090738x1.png,images_rig_cam4_1474975208607090738x1.png,32x32,/l/vision/v5/sragas/ETH_3D/x2/images_rig_cam4_1474975208607090738x2.png,images_rig_cam4_1474975208607090738x2.png,64x64,/l/vision/v5/sragas/ETH_3D/x4/images_rig_cam4_1474975208607090738x4.png,images_rig_cam4_1474975208607090738x4.png,128x128,/l/vision/v5/sragas/ETH_3D/x8/images_rig_cam4_1474975208607090738x8.png,images_rig_cam4_1474975208607090738x8.png,256x256,/l/vision/v5/sragas/ETH_3D/x16/images_rig_cam4_1474975208607090738x16.png,images_rig_cam4_1474975208607090738x16.png,512x512
439,/l/vision/v5/sragas/ETH_3D/x1/images_rig_cam5_1477843932005543523x1.png,images_rig_cam5_1477843932005543523x1.png,32x32,/l/vision/v5/sragas/ETH_3D/x2/images_rig_cam5_1477843932005543523x2.png,images_rig_cam5_1477843932005543523x2.png,64x64,/l/vision/v5/sragas/ETH_3D/x4/images_rig_cam5_1477843932005543523x4.png,images_rig_cam5_1477843932005543523x4.png,128x128,/l/vision/v5/sragas/ETH_3D/x8/images_rig_cam5_1477843932005543523x8.png,images_rig_cam5_1477843932005543523x8.png,256x256,/l/vision/v5/sragas/ETH_3D/x16/images_rig_cam5_1477843932005543523x16.png,images_rig_cam5_1477843932005543523x16.png,512x512
1726,/l/vision/v5/sragas/ETH_3D/x1/images_rig_cam5_1477833698887659598x1.png,images_rig_cam5_1477833698887659598x1.png,32x32,/l/vision/v5/sragas/ETH_3D/x2/images_rig_cam5_1477833698887659598x2.png,images_rig_cam5_1477833698887659598x2.png,64x64,/l/vision/v5/sragas/ETH_3D/x4/images_rig_cam5_1477833698887659598x4.png,images_rig_cam5_1477833698887659598x4.png,128x128,/l/vision/v5/sragas/ETH_3D/x8/images_rig_cam5_1477833698887659598x8.png,images_rig_cam5_1477833698887659598x8.png,256x256,/l/vision/v5/sragas/ETH_3D/x16/images_rig_cam5_1477833698887659598x16.png,images_rig_cam5_1477833698887659598x16.png,512x512
429,/l/vision/v5/sragas/ETH_3D/x1/images_rig_cam5_1477843931268263523x1.png,images_rig_cam5_1477843931268263523x1.png,32x32,/l/vision/v5/sragas/ETH_3D/x2/images_rig_cam5_1477843931268263523x2.png,images_rig_cam5_1477843931268263523x2.png,64x64,/l/vision/v5/sragas/ETH_3D/x4/images_rig_cam5_1477843931268263523x4.png,images_rig_cam5_1477843931268263523x4.png,128x128,/l/vision/v5/sragas/ETH_3D/x8/images_rig_cam5_1477843931268263523x8.png,images_rig_cam5_1477843931268263523x8.png,256x256,/l/vision/v5/sragas/ETH_3D/x16/images_rig_cam5_1477843931268263523x16.png,images_rig_cam5_1477843931268263523x16.png,512x512
1159,/l/vision/v5/sragas/ETH_3D/x1/images_rig_cam5_1474982931135147972x1.png,images_rig_cam5_1474982931135147972x1.png,32x32,/l/vision/v5/sragas/ETH_3D/x2/images_rig_cam5_1474982931135147972x2.png,images_rig_cam5_1474982931135147972x2.png,64x64,/l/vision/v5/sragas/ETH_3D/x4/images_rig_cam5_1474982931135147972x4.png,images_rig_cam5_1474982931135147972x4.png,128x128,/l/vision/v5/sragas/ETH_3D/x8/images_rig_cam5_1474982931135147972x8.png,images_rig_cam5_1474982931135147972x8.png,256x256,/l/vision/v5/sragas/ETH_3D/x16/images_rig_cam5_1474982931135147972x16.png,images_rig_cam5_1474982931135147972x16.png,512x512
415,/l/vision/v5/sragas/ETH_3D/x1/images_rig_cam5_1477843930236071523x1.png,images_rig_cam5_1477843930236071523x1.png,32x32,/l/vision/v5/sragas/ETH_3D/x2/images_rig_cam5_1477843930236071523x2.png,images_rig_cam5_1477843930236071523x2.png,64x64,/l/vision/v5/sragas/ETH_3D/x4/images_rig_cam5_1477843930236071523x4.png,images_rig_cam5_1477843930236071523x4.png,128x128,/l/vision/v5/sragas/ETH_3D/x8/images_rig_cam5_1477843930236071523x8.png,images_rig_cam5_1477843930236071523x8.png,256x256,/l/vision/v5/sragas/ETH_3D/x16/images_rig_cam5_1477843930236071523x16.png,images_rig_cam5_1477843930236071523x16.png,512x512
273,/l/vision/v5/sragas/ETH_3D/x1/images_rig_cam5_1477843919766695523x1.png,images_rig_cam5_1477843919766695523x1.png,32x32,/l/vision/v5/sragas/ETH_3D/x2/images_rig_cam5_1477843919766695523x2.png,images_rig_cam5_1477843919766695523x2.png,64x64,/l/vision/v5/sragas/ETH_3D/x4/images_rig_cam5_1477843919766695523x4.png,images_rig_cam5_1477843919766695523x4.png,128x128,/l/vision/v5/sragas/ETH_3D/x8/images_rig_cam5_1477843919766695523x8.png,images_rig_cam5_1477843919766695523x8.png,256x256,/l/vision/v5/sragas/ETH_3D/x16/images_rig_cam5_1477843919766695523x16.png,images_rig_cam5_1477843919766695523x16.png,512x512
1701,/l/vision/v5/sragas/ETH_3D/x1/images_rig_cam5_1477833697044459598x1.png,images_rig_cam5_1477833697044459598x1.png,32x32,/l/vision/v5/sragas/ETH_3D/x2/images_rig_cam5_1477833697044459598x2.png,images_rig_cam5_1477833697044459598x2.png,64x64,/l/vision/v5/sragas/ETH_3D/x4/images_rig_cam5_1477833697044459598x4.png,images_rig_cam5_1477833697044459598x4.png,128x128,/l/vision/v5/sragas/ETH_3D/x8/images_rig_cam5_1477833697044459598x8.png,images_rig_cam5_1477833697044459598x8.png,256x256,/l/vision/v5/sragas/ETH_3D/x16/images_rig_cam5_1477833697044459598x16.png,images_rig_cam5_1477833697044459598x16.png,512x512
1625,/l/vision/v5/sragas/ETH_3D/x1/images_rig_cam5_1477833691441131598x1.png,images_rig_cam5_1477833691441131598x1.png,32x32,/l/vision/v5/sragas/ETH_3D/x2/images_rig_cam5_1477833691441131598x2.png,images_rig_cam5_1477833691441131598x2.png,64x64,/l/vision/v5/sragas/ETH_3D/x4/images_rig_cam5_1477833691441131598x4.png,images_rig_cam5_1477833691441131598x4.png,128x128,/l/vision/v5/sragas/ETH_3D/x8/images_rig_cam5_1477833691441131598x8.png,images_rig_cam5_1477833691441131598x8.png,256x256,/l/vision/v5/sragas/ETH_3D/x16/images_rig_cam5_1477833691441131598x16.png,images_rig_cam5_1477833691441131598x16.png,512x512
1407,/l/vision/v5/sragas/ETH_3D/x1/images_rig_cam4_1477833693063147598x1.png,images_rig_cam4_1477833693063147598x1.png,32x32,/l/vision/v5/sragas/ETH_3D/x2/images_rig_cam4_1477833693063147598x2.png,images_rig_cam4_1477833693063147598x2.png,64x64,/l/vision/v5/sragas/ETH_3D/x4/images_rig_cam4_1477833693063147598x4.png,images_rig_cam4_1477833693063147598x4.png,128x128,/l/vision/v5/sragas/ETH_3D/x8/images_rig_cam4_1477833693063147598x8.png,images_rig_cam4_1477833693063147598x8.png,256x256,/l/vision/v5/sragas/ETH_3D/x16/images_rig_cam4_1477833693063147598x16.png,images_rig_cam4_1477833693063147598x16.png,512x512
250,/l/vision/v5/sragas/ETH_3D/x1/images_rig_cam5_1477843918070951523x1.png,images_rig_cam5_1477843918070951523x1.png,32x32,/l/vision/v5/sragas/ETH_3D/x2/images_rig_cam5_1477843918070951523x2.png,images_rig_cam5_1477843918070951523x2.png,64x64,/l/vision/v5/sragas/ETH_3D/x4/images_rig_cam5_1477843918070951523x4.png,images_rig_cam5_1477843918070951523x4.png,128x128,/l/vision/v5/sragas/ETH_3D/x8/images_rig_cam5_1477843918070951523x8.png,images_rig_cam5_1477843918070951523x8.png,256x256,/l/vision/v5/sragas/ETH_3D/x16/images_rig_cam5_1477843918070951523x16.png,images_rig_cam5_1477843918070951523x16.png,512x512
413,/l/vision/v5/sragas/ETH_3D/x1/images_rig_cam5_1477843930088615523x1.png,images_rig_cam5_1477843930088615523x1.png,32x32,/l/vision/v5/sragas/ETH_3D/x2/images_rig_cam5_1477843930088615523x2.png,images_rig_cam5_1477843930088615523x2.png,64x64,/l/vision/v5/sragas/ETH_3D/x4/images_rig_cam5_1477843930088615523x4.png,images_rig_cam5_1477843930088615523x4.png,128x128,/l/vision/v5/sragas/ETH_3D/x8/images_rig_cam5_1477843930088615523x8.png,images_rig_cam5_1477843930088615523x8.png,256x256,/l/vision/v5/sragas/ETH_3D/x16/images_rig_cam5_1477843930088615523x16.png,images_rig_cam5_1477843930088615523x16.png,512x512
1078,/l/vision/v5/sragas/ETH_3D/x1/images_rig_cam5_1474982925163179972x1.png,images_rig_cam5_1474982925163179972x1.png,32x32,/l/vision/v5/sragas/ETH_3D/x2/images_rig_cam5_1474982925163179972x2.png,images_rig_cam5_1474982925163179972x2.png,64x64,/l/vision/v5/sragas/ETH_3D/x4/images_rig_cam5_1474982925163179972x4.png,images_rig_cam5_1474982925163179972x4.png,128x128,/l/vision/v5/sragas/ETH_3D/x8/images_rig_cam5_1474982925163179972x8.png,images_rig_cam5_1474982925163179972x8.png,256x256,/l/vision/v5/sragas/ETH_3D/x16/images_rig_cam5_1474982925163179972x16.png,images_rig_cam5_1474982925163179972x16.png,512x512
1261,/l/vision/v5/sragas/ETH_3D/x1/images_rig_cam5_1474982938802859972x1.png,images_rig_cam5_1474982938802859972x1.png,32x32,/l/vision/v5/sragas/ETH_3D/x2/images_rig_cam5_1474982938802859972x2.png,images_rig_cam5_1474982938802859972x2.png,64x64,/l/vision/v5/sragas/ETH_3D/x4/images_rig_cam5_1474982938802859972x4.png,images_rig_cam5_1474982938802859972x4.png,128x128,/l/vision/v5/sragas/ETH_3D/x8/images_rig_cam5_1474982938802859972x8.png,images_rig_cam5_1474982938802859972x8.png,256x256,/l/vision/v5/sragas/ETH_3D/x16/images_rig_cam5_1474982938802859972x16.png,images_rig_cam5_1474982938802859972x16.png,512x512
1915,/l/vision/v5/sragas/ETH_3D/x1/images_rig_cam4_1477838508403313559x1.png,images_rig_cam4_1477838508403313559x1.png,32x32,/l/vision/v5/sragas/ETH_3D/x2/images_rig_cam4_1477838508403313559x2.png,images_rig_cam4_1477838508403313559x2.png,64x64,/l/vision/v5/sragas/ETH_3D/x4/images_rig_cam4_1477838508403313559x4.png,images_rig_cam4_1477838508403313559x4.png,128x128,/l/vision/v5/sragas/ETH_3D/x8/images_rig_cam4_1477838508403313559x8.png,images_rig_cam4_1477838508403313559x8.png,256x256,/l/vision/v5/sragas/ETH_3D/x16/images_rig_cam4_1477838508403313559x16.png,images_rig_cam4_1477838508403313559x16.png,512x512
1885,/l/vision/v5/sragas/ETH_3D/x1/images_rig_cam4_1477838506191473559x1.png,images_rig_cam4_1477838506191473559x1.png,32x32,/l/vision/v5/sragas/ETH_3D/x2/images_rig_cam4_1477838506191473559x2.png,images_rig_cam4_1477838506191473559x2.png,64x64,/l/vision/v5/sragas/ETH_3D/x4/images_rig_cam4_1477838506191473559x4.png,images_rig_cam4_1477838506191473559x4.png,128x128,/l/vision/v5/sragas/ETH_3D/x8/images_rig_cam4_1477838506191473559x8.png,images_rig_cam4_1477838506191473559x8.png,256x256,/l/vision/v5/sragas/ETH_3D/x16/images_rig_cam4_1477838506191473559x16.png,images_rig_cam4_1477838506191473559x16.png,512x512
381,/l/vision/v5/sragas/ETH_3D/x1/images_rig_cam5_1477843927729319523x1.png,images_rig_cam5_1477843927729319523x1.png,32x32,/l/vision/v5/sragas/ETH_3D/x2/images_rig_cam5_1477843927729319523x2.png,images_rig_cam5_1477843927729319523x2.png,64x64,/l/vision/v5/sragas/ETH_3D/x4/images_rig_cam5_1477843927729319523x4.png,images_rig_cam5_1477843927729319523x4.png,128x128,/l/vision/v5/sragas/ETH_3D/x8/images_rig_cam5_1477843927729319523x8.png,images_rig_cam5_1477843927729319523x8.png,256x256,/l/vision/v5/sragas/ETH_3D/x16/images_rig_cam5_1477843927729319523x16.png,images_rig_cam5_1477843927729319523x16.png,512x512
532,/l/vision/v5/sragas/ETH_3D/x1/images_rig_cam4_1474975191428466738x1.png,images_rig_cam4_1474975191428466738x1.png,32x32,/l/vision/v5/sragas/ETH_3D/x2/images_rig_cam4_1474975191428466738x2.png,images_rig_cam4_1474975191428466738x2.png,64x64,/l/vision/v5/sragas/ETH_3D/x4/images_rig_cam4_1474975191428466738x4.png,images_rig_cam4_1474975191428466738x4.png,128x128,/l/vision/v5/sragas/ETH_3D/x8/images_rig_cam4_1474975191428466738x8.png,images_rig_cam4_1474975191428466738x8.png,256x256,/l/vision/v5/sragas/ETH_3D/x16/images_rig_cam4_1474975191428466738x16.png,images_rig_cam4_1474975191428466738x16.png,512x512
425,/l/vision/v5/sragas/ETH_3D/x1/images_rig_cam5_1477843930973351523x1.png,images_rig_cam5_1477843930973351523x1.png,32x32,/l/vision/v5/sragas/ETH_3D/x2/images_rig_cam5_1477843930973351523x2.png,images_rig_cam5_1477843930973351523x2.png,64x64,/l/vision/v5/sragas/ETH_3D/x4/images_rig_cam5_1477843930973351523x4.png,images_rig_cam5_1477843930973351523x4.png,128x128,/l/vision/v5/sragas/ETH_3D/x8/images_rig_cam5_1477843930973351523x8.png,images_rig_cam5_1477843930973351523x8.png,256x256,/l/vision/v5/sragas/ETH_3D/x16/images_rig_cam5_1477843930973351523x16.png,images_rig_cam5_1477843930973351523x16.png,512x512
479,/l/vision/v5/sragas/ETH_3D/x1/images_rig_cam4_1474975187520882738x1.png,images_rig_cam4_1474975187520882738x1.png,32x32,/l/vision/v5/sragas/ETH_3D/x2/images_rig_cam4_1474975187520882738x2.png,images_rig_cam4_1474975187520882738x2.png,64x64,/l/vision/v5/sragas/ETH_3D/x4/images_rig_cam4_1474975187520882738x4.png,images_rig_cam4_1474975187520882738x4.png,128x128,/l/vision/v5/sragas/ETH_3D/x8/images_rig_cam4_1474975187520882738x8.png,images_rig_cam4_1474975187520882738x8.png,256x256,/l/vision/v5/sragas/ETH_3D/x16/images_rig_cam4_1474975187520882738x16.png,images_rig_cam4_1474975187520882738x16.png,512x512
1852,/l/vision/v5/sragas/ETH_3D/x1/images_rig_cam4_1477838503758449559x1.png,images_rig_cam4_1477838503758449559x1.png,32x32,/l/vision/v5/sragas/ETH_3D/x2/images_rig_cam4_1477838503758449559x2.png,images_rig_cam4_1477838503758449559x2.png,64x64,/l/vision/v5/sragas/ETH_3D/x4/images_rig_cam4_1477838503758449559x4.png,images_rig_cam4_1477838503758449559x4.png,128x128,/l/vision/v5/sragas/ETH_3D/x8/images_rig_cam4_1477838503758449559x8.png,images_rig_cam4_1477838503758449559x8.png,256x256,/l/vision/v5/sragas/ETH_3D/x16/images_rig_cam4_1477838503758449559x16.png,images_rig_cam4_1477838503758449559x16.png,512x512
715,/l/vision/v5/sragas/ETH_3D/x1/images_rig_cam4_1474975204994418738x1.png,images_rig_cam4_1474975204994418738x1.png,32x32,/l/vision/v5/sragas/ETH_3D/x2/images_rig_cam4_1474975204994418738x2.png,images_rig_cam4_1474975204994418738x2.png,64x64,/l/vision/v5/sragas/ETH_3D/x4/images_rig_cam4_1474975204994418738x4.png,images_rig_cam4_1474975204994418738x4.png,128x128,/l/vision/v5/sragas/ETH_3D/x8/images_rig_cam4_1474975204994418738x8.png,images_rig_cam4_1474975204994418738x8.png,256x256,/l/vision/v5/sragas/ETH_3D/x16/images_rig_cam4_1474975204994418738x16.png,images_rig_cam4_1474975204994418738x16.png,512x512
1309,/l/vision/v5/sragas/ETH_3D/x1/images_rig_cam4_1477833685837803598x1.png,images_rig_cam4_1477833685837803598x1.png,32x32,/l/vision/v5/sragas/ETH_3D/x2/images_rig_cam4_1477833685837803598x2.png,images_rig_cam4_1477833685837803598x2.png,64x64,/l/vision/v5/sragas/ETH_3D/x4/images_rig_cam4_1477833685837803598x4.png,images_rig_cam4_1477833685837803598x4.png,128x128,/l/vision/v5/sragas/ETH_3D/x8/images_rig_cam4_1477833685837803598x8.png,images_rig_cam4_1477833685837803598x8.png,256x256,/l/vision/v5/sragas/ETH_3D/x16/images_rig_cam4_1477833685837803598x16.png,images_rig_cam4_1477833685837803598x16.png,512x512
408,/l/vision/v5/sragas/ETH_3D/x1/images_rig_cam5_1477843929719975523x1.png,images_rig_cam5_1477843929719975523x1.png,32x32,/l/vision/v5/sragas/ETH_3D/x2/images_rig_cam5_1477843929719975523x2.png,images_rig_cam5_1477843929719975523x2.png,64x64,/l/vision/v5/sragas/ETH_3D/x4/images_rig_cam5_1477843929719975523x4.png,images_rig_cam5_1477843929719975523x4.png,128x128,/l/vision/v5/sragas/ETH_3D/x8/images_rig_cam5_1477843929719975523x8.png,images_rig_cam5_1477843929719975523x8.png,256x256,/l/vision/v5/sragas/ETH_3D/x16/images_rig_cam5_1477843929719975523x16.png,images_rig_cam5_1477843929719975523x16.png,512x512
1706,/l/vision/v5/sragas/ETH_3D/x1/images_rig_cam5_1477833697413099598x1.png,images_rig_cam5_1477833697413099598x1.png,32x32,/l/vision/v5/sragas/ETH_3D/x2/images_rig_cam5_1477833697413099598x2.png,images_rig_cam5_1477833697413099598x2.png,64x64,/l/vision/v5/sragas/ETH_3D/x4/images_rig_cam5_1477833697413099598x4.png,images_rig_cam5_1477833697413099598x4.png,128x128,/l/vision/v5/sragas/ETH_3D/x8/images_rig_cam5_1477833697413099598x8.png,images_rig_cam5_1477833697413099598x8.png,256x256,/l/vision/v5/sragas/ETH_3D/x16/images_rig_cam5_1477833697413099598x16.png,images_rig_cam5_1477833697413099598x16.png,512x512
583,/l/vision/v5/sragas/ETH_3D/x1/images_rig_cam4_1474975195188594738x1.png,images_rig_cam4_1474975195188594738x1.png,32x32,/l/vision/v5/sragas/ETH_3D/x2/images_rig_cam4_1474975195188594738x2.png,images_rig_cam4_1474975195188594738x2.png,64x64,/l/vision/v5/sragas/ETH_3D/x4/images_rig_cam4_1474975195188594738x4.png,images_rig_cam4_1474975195188594738x4.png,128x128,/l/vision/v5/sragas/ETH_3D/x8/images_rig_cam4_1474975195188594738x8.png,images_rig_cam4_1474975195188594738x8.png,256x256,/l/vision/v5/sragas/ETH_3D/x16/images_rig_cam4_1474975195188594738x16.png,images_rig_cam4_1474975195188594738x16.png,512x512
1314,/l/vision/v5/sragas/ETH_3D/x1/images_rig_cam4_1477833686206443598x1.png,images_rig_cam4_1477833686206443598x1.png,32x32,/l/vision/v5/sragas/ETH_3D/x2/images_rig_cam4_1477833686206443598x2.png,images_rig_cam4_1477833686206443598x2.png,64x64,/l/vision/v5/sragas/ETH_3D/x4/images_rig_cam4_1477833686206443598x4.png,images_rig_cam4_1477833686206443598x4.png,128x128,/l/vision/v5/sragas/ETH_3D/x8/images_rig_cam4_1477833686206443598x8.png,images_rig_cam4_1477833686206443598x8.png,256x256,/l/vision/v5/sragas/ETH_3D/x16/images_rig_cam4_1477833686206443598x16.png,images_rig_cam4_1477833686206443598x16.png,512x512
788,/l/vision/v5/sragas/ETH_3D/x1/images_rig_cam4_1474982922730155972x1.png,images_rig_cam4_1474982922730155972x1.png,32x32,/l/vision/v5/sragas/ETH_3D/x2/images_rig_cam4_1474982922730155972x2.png,images_rig_cam4_1474982922730155972x2.png,64x64,/l/vision/v5/sragas/ETH_3D/x4/images_rig_cam4_1474982922730155972x4.png,images_rig_cam4_1474982922730155972x4.png,128x128,/l/vision/v5/sragas/ETH_3D/x8/images_rig_cam4_1474982922730155972x8.png,images_rig_cam4_1474982922730155972x8.png,256x256,/l/vision/v5/sragas/ETH_3D/x16/images_rig_cam4_1474982922730155972x16.png,images_rig_cam4_1474982922730155972x16.png,512x512
1723,/l/vision/v5/sragas/ETH_3D/x1/images_rig_cam5_1477833698666475598x1.png,images_rig_cam5_1477833698666475598x1.png,32x32,/l/vision/v5/sragas/ETH_3D/x2/images_rig_cam5_1477833698666475598x2.png,images_rig_cam5_1477833698666475598x2.png,64x64,/l/vision/v5/sragas/ETH_3D/x4/images_rig_cam5_1477833698666475598x4.png,images_rig_cam5_1477833698666475598x4.png,128x128,/l/vision/v5/sragas/ETH_3D/x8/images_rig_cam5_1477833698666475598x8.png,images_rig_cam5_1477833698666475598x8.png,256x256,/l/vision/v5/sragas/ETH_3D/x16/images_rig_cam5_1477833698666475598x16.png,images_rig_cam5_1477833698666475598x16.png,512x512
1930,/l/vision/v5/sragas/ETH_3D/x1/images_rig_cam4_1477838509509233559x1.png,images_rig_cam4_1477838509509233559x1.png,32x32,/l/vision/v5/sragas/ETH_3D/x2/images_rig_cam4_1477838509509233559x2.png,images_rig_cam4_1477838509509233559x2.png,64x64,/l/vision/v5/sragas/ETH_3D/x4/images_rig_cam4_1477838509509233559x4.png,images_rig_cam4_1477838509509233559x4.png,128x128,/l/vision/v5/sragas/ETH_3D/x8/images_rig_cam4_1477838509509233559x8.png,images_rig_cam4_1477838509509233559x8.png,256x256,/l/vision/v5/sragas/ETH_3D/x16/images_rig_cam4_1477838509509233559x16.png,images_rig_cam4_1477838509509233559x16.png,512x512
182,/l/vision/v5/sragas/ETH_3D/x1/images_rig_cam4_1477843930530983523x1.png,images_rig_cam4_1477843930530983523x1.png,32x32,/l/vision/v5/sragas/ETH_3D/x2/images_rig_cam4_1477843930530983523x2.png,images_rig_cam4_1477843930530983523x2.png,64x64,/l/vision/v5/sragas/ETH_3D/x4/images_rig_cam4_1477843930530983523x4.png,images_rig_cam4_1477843930530983523x4.png,128x128,/l/vision/v5/sragas/ETH_3D/x8/images_rig_cam4_1477843930530983523x8.png,images_rig_cam4_1477843930530983523x8.png,256x256,/l/vision/v5/sragas/ETH_3D/x16/images_rig_cam4_1477843930530983523x16.png,images_rig_cam4_1477843930530983523x16.png,512x512
1564,/l/vision/v5/sragas/ETH_3D/x1/images_rig_cam5_1477833686943723598x1.png,images_rig_cam5_1477833686943723598x1.png,32x32,/l/vision/v5/sragas/ETH_3D/x2/images_rig_cam5_1477833686943723598x2.png,images_rig_cam5_1477833686943723598x2.png,64x64,/l/vision/v5/sragas/ETH_3D/x4/images_rig_cam5_1477833686943723598x4.png,images_rig_cam5_1477833686943723598x4.png,128x128,/l/vision/v5/sragas/ETH_3D/x8/images_rig_cam5_1477833686943723598x8.png,images_rig_cam5_1477833686943723598x8.png,256x256,/l/vision/v5/sragas/ETH_3D/x16/images_rig_cam5_1477833686943723598x16.png,images_rig_cam5_1477833686943723598x16.png,512x512
170,/l/vision/v5/sragas/ETH_3D/x1/images_rig_cam4_1477843929646247523x1.png,images_rig_cam4_1477843929646247523x1.png,32x32,/l/vision/v5/sragas/ETH_3D/x2/images_rig_cam4_1477843929646247523x2.png,images_rig_cam4_1477843929646247523x2.png,64x64,/l/vision/v5/sragas/ETH_3D/x4/images_rig_cam4_1477843929646247523x4.png,images_rig_cam4_1477843929646247523x4.png,128x128,/l/vision/v5/sragas/ETH_3D/x8/images_rig_cam4_1477843929646247523x8.png,images_rig_cam4_1477843929646247523x8.png,256x256,/l/vision/v5/sragas/ETH_3D/x16/images_rig_cam4_1477843929646247523x16.png,images_rig_cam4_1477843929646247523x16.png,512x512
292,/l/vision/v5/sragas/ETH_3D/x1/images_rig_cam5_1477843921167527523x1.png,images_rig_cam5_1477843921167527523x1.png,32x32,/l/vision/v5/sragas/ETH_3D/x2/images_rig_cam5_1477843921167527523x2.png,images_rig_cam5_1477843921167527523x2.png,64x64,/l/vision/v5/sragas/ETH_3D/x4/images_rig_cam5_1477843921167527523x4.png,images_rig_cam5_1477843921167527523x4.png,128x128,/l/vision/v5/sragas/ETH_3D/x8/images_rig_cam5_1477843921167527523x8.png,images_rig_cam5_1477843921167527523x8.png,256x256,/l/vision/v5/sragas/ETH_3D/x16/images_rig_cam5_1477843921167527523x16.png,images_rig_cam5_1477843921167527523x16.png,512x512
613,/l/vision/v5/sragas/ETH_3D/x1/images_rig_cam4_1474975197474162738x1.png,images_rig_cam4_1474975197474162738x1.png,32x32,/l/vision/v5/sragas/ETH_3D/x2/images_rig_cam4_1474975197474162738x2.png,images_rig_cam4_1474975197474162738x2.png,64x64,/l/vision/v5/sragas/ETH_3D/x4/images_rig_cam4_1474975197474162738x4.png,images_rig_cam4_1474975197474162738x4.png,128x128,/l/vision/v5/sragas/ETH_3D/x8/images_rig_cam4_1474975197474162738x8.png,images_rig_cam4_1474975197474162738x8.png,256x256,/l/vision/v5/sragas/ETH_3D/x16/images_rig_cam4_1474975197474162738x16.png,images_rig_cam4_1474975197474162738x16.png,512x512
617,/l/vision/v5/sragas/ETH_3D/x1/images_rig_cam4_1474975197769074738x1.png,images_rig_cam4_1474975197769074738x1.png,32x32,/l/vision/v5/sragas/ETH_3D/x2/images_rig_cam4_1474975197769074738x2.png,images_rig_cam4_1474975197769074738x2.png,64x64,/l/vision/v5/sragas/ETH_3D/x4/images_rig_cam4_1474975197769074738x4.png,images_rig_cam4_1474975197769074738x4.png,128x128,/l/vision/v5/sragas/ETH_3D/x8/images_rig_cam4_1474975197769074738x8.png,images_rig_cam4_1474975197769074738x8.png,256x256,/l/vision/v5/sragas/ETH_3D/x16/images_rig_cam4_1474975197769074738x16.png,images_rig_cam4_1474975197769074738x16.png,512x512
300,/l/vision/v5/sragas/ETH_3D/x1/images_rig_cam5_1477843921757351523x1.png,images_rig_cam5_1477843921757351523x1.png,32x32,/l/vision/v5/sragas/ETH_3D/x2/images_rig_cam5_1477843921757351523x2.png,images_rig_cam5_1477843921757351523x2.png,64x64,/l/vision/v5/sragas/ETH_3D/x4/images_rig_cam5_1477843921757351523x4.png,images_rig_cam5_1477843921757351523x4.png,128x128,/l/vision/v5/sragas/ETH_3D/x8/images_rig_cam5_1477843921757351523x8.png,images_rig_cam5_1477843921757351523x8.png,256x256,/l/vision/v5/sragas/ETH_3D/x16/images_rig_cam5_1477843921757351523x16.png,images_rig_cam5_1477843921757351523x16.png,512x512
1817,/l/vision/v5/sragas/ETH_3D/x1/images_rig_cam4_1477838501177969559x1.png,images_rig_cam4_1477838501177969559x1.png,32x32,/l/vision/v5/sragas/ETH_3D/x2/images_rig_cam4_1477838501177969559x2.png,images_rig_cam4_1477838501177969559x2.png,64x64,/l/vision/v5/sragas/ETH_3D/x4/images_rig_cam4_1477838501177969559x4.png,images_rig_cam4_1477838501177969559x4.png,128x128,/l/vision/v5/sragas/ETH_3D/x8/images_rig_cam4_1477838501177969559x8.png,images_rig_cam4_1477838501177969559x8.png,256x256,/l/vision/v5/sragas/ETH_3D/x16/images_rig_cam4_1477838501177969559x16.png,images_rig_cam4_1477838501177969559x16.png,512x512
519,/l/vision/v5/sragas/ETH_3D/x1/images_rig_cam4_1474975190470002738x1.png,images_rig_cam4_1474975190470002738x1.png,32x32,/l/vision/v5/sragas/ETH_3D/x2/images_rig_cam4_1474975190470002738x2.png,images_rig_cam4_1474975190470002738x2.png,64x64,/l/vision/v5/sragas/ETH_3D/x4/images_rig_cam4_1474975190470002738x4.png,images_rig_cam4_1474975190470002738x4.png,128x128,/l/vision/v5/sragas/ETH_3D/x8/images_rig_cam4_1474975190470002738x8.png,images_rig_cam4_1474975190470002738x8.png,256x256,/l/vision/v5/sragas/ETH_3D/x16/images_rig_cam4_1474975190470002738x16.png,images_rig_cam4_1474975190470002738x16.png,512x512
1601,/l/vision/v5/sragas/ETH_3D/x1/images_rig_cam5_1477833689671659598x1.png,images_rig_cam5_1477833689671659598x1.png,32x32,/l/vision/v5/sragas/ETH_3D/x2/images_rig_cam5_1477833689671659598x2.png,images_rig_cam5_1477833689671659598x2.png,64x64,/l/vision/v5/sragas/ETH_3D/x4/images_rig_cam5_1477833689671659598x4.png,images_rig_cam5_1477833689671659598x4.png,128x128,/l/vision/v5/sragas/ETH_3D/x8/images_rig_cam5_1477833689671659598x8.png,images_rig_cam5_1477833689671659598x8.png,256x256,/l/vision/v5/sragas/ETH_3D/x16/images_rig_cam5_1477833689671659598x16.png,images_rig_cam5_1477833689671659598x16.png,512x512
792,/l/vision/v5/sragas/ETH_3D/x1/images_rig_cam4_1474982923025067972x1.png,images_rig_cam4_1474982923025067972x1.png,32x32,/l/vision/v5/sragas/ETH_3D/x2/images_rig_cam4_1474982923025067972x2.png,images_rig_cam4_1474982923025067972x2.png,64x64,/l/vision/v5/sragas/ETH_3D/x4/images_rig_cam4_1474982923025067972x4.png,images_rig_cam4_1474982923025067972x4.png,128x128,/l/vision/v5/sragas/ETH_3D/x8/images_rig_cam4_1474982923025067972x8.png,images_rig_cam4_1474982923025067972x8.png,256x256,/l/vision/v5/sragas/ETH_3D/x16/images_rig_cam4_1474982923025067972x16.png,images_rig_cam4_1474982923025067972x16.png,512x512
1870,/l/vision/v5/sragas/ETH_3D/x1/images_rig_cam4_1477838505085553559x1.png,images_rig_cam4_1477838505085553559x1.png,32x32,/l/vision/v5/sragas/ETH_3D/x2/images_rig_cam4_1477838505085553559x2.png,images_rig_cam4_1477838505085553559x2.png,64x64,/l/vision/v5/sragas/ETH_3D/x4/images_rig_cam4_1477838505085553559x4.png,images_rig_cam4_1477838505085553559x4.png,128x128,/l/vision/v5/sragas/ETH_3D/x8/images_rig_cam4_1477838505085553559x8.png,images_rig_cam4_1477838505085553559x8.png,256x256,/l/vision/v5/sragas/ETH_3D/x16/images_rig_cam4_1477838505085553559x16.png,images_rig_cam4_1477838505085553559x16.png,512x512
1013,/l/vision/v5/sragas/ETH_3D/x1/images_rig_cam4_1474982939466411972x1.png,images_rig_cam4_1474982939466411972x1.png,32x32,/l/vision/v5/sragas/ETH_3D/x2/images_rig_cam4_1474982939466411972x2.png,images_rig_cam4_1474982939466411972x2.png,64x64,/l/vision/v5/sragas/ETH_3D/x4/images_rig_cam4_1474982939466411972x4.png,images_rig_cam4_1474982939466411972x4.png,128x128,/l/vision/v5/sragas/ETH_3D/x8/images_rig_cam4_1474982939466411972x8.png,images_rig_cam4_1474982939466411972x8.png,256x256,/l/vision/v5/sragas/ETH_3D/x16/images_rig_cam4_1474982939466411972x16.png,images_rig_cam4_1474982939466411972x16.png,512x512
1403,/l/vision/v5/sragas/ETH_3D/x1/images_rig_cam4_1477833692768235598x1.png,images_rig_cam4_1477833692768235598x1.png,32x32,/l/vision/v5/sragas/ETH_3D/x2/images_rig_cam4_1477833692768235598x2.png,images_rig_cam4_1477833692768235598x2.png,64x64,/l/vision/v5/sragas/ETH_3D/x4/images_rig_cam4_1477833692768235598x4.png,images_rig_cam4_1477833692768235598x4.png,128x128,/l/vision/v5/sragas/ETH_3D/x8/images_rig_cam4_1477833692768235598x8.png,images_rig_cam4_1477833692768235598x8.png,256x256,/l/vision/v5/sragas/ETH_3D/x16/images_rig_cam4_1477833692768235598x16.png,images_rig_cam4_1477833692768235598x16.png,512x512
819,/l/vision/v5/sragas/ETH_3D/x1/images_rig_cam4_1474982925015723972x1.png,images_rig_cam4_1474982925015723972x1.png,32x32,/l/vision/v5/sragas/ETH_3D/x2/images_rig_cam4_1474982925015723972x2.png,images_rig_cam4_1474982925015723972x2.png,64x64,/l/vision/v5/sragas/ETH_3D/x4/images_rig_cam4_1474982925015723972x4.png,images_rig_cam4_1474982925015723972x4.png,128x128,/l/vision/v5/sragas/ETH_3D/x8/images_rig_cam4_1474982925015723972x8.png,images_rig_cam4_1474982925015723972x8.png,256x256,/l/vision/v5/sragas/ETH_3D/x16/images_rig_cam4_1474982925015723972x16.png,images_rig_cam4_1474982925015723972x16.png,512x512
841,/l/vision/v5/sragas/ETH_3D/x1/images_rig_cam4_1474982926637739972x1.png,images_rig_cam4_1474982926637739972x1.png,32x32,/l/vision/v5/sragas/ETH_3D/x2/images_rig_cam4_1474982926637739972x2.png,images_rig_cam4_1474982926637739972x2.png,64x64,/l/vision/v5/sragas/ETH_3D/x4/images_rig_cam4_1474982926637739972x4.png,images_rig_cam4_1474982926637739972x4.png,128x128,/l/vision/v5/sragas/ETH_3D/x8/images_rig_cam4_1474982926637739972x8.png,images_rig_cam4_1474982926637739972x8.png,256x256,/l/vision/v5/sragas/ETH_3D/x16/images_rig_cam4_1474982926637739972x16.png,images_rig_cam4_1474982926637739972x16.png,512x512
422,/l/vision/v5/sragas/ETH_3D/x1/images_rig_cam5_1477843930752167523x1.png,images_rig_cam5_1477843930752167523x1.png,32x32,/l/vision/v5/sragas/ETH_3D/x2/images_rig_cam5_1477843930752167523x2.png,images_rig_cam5_1477843930752167523x2.png,64x64,/l/vision/v5/sragas/ETH_3D/x4/images_rig_cam5_1477843930752167523x4.png,images_rig_cam5_1477843930752167523x4.png,128x128,/l/vision/v5/sragas/ETH_3D/x8/images_rig_cam5_1477843930752167523x8.png,images_rig_cam5_1477843930752167523x8.png,256x256,/l/vision/v5/sragas/ETH_3D/x16/images_rig_cam5_1477843930752167523x16.png,images_rig_cam5_1477843930752167523x16.png,512x512
371,/l/vision/v5/sragas/ETH_3D/x1/images_rig_cam5_1477843926992039523x1.png,images_rig_cam5_1477843926992039523x1.png,32x32,/l/vision/v5/sragas/ETH_3D/x2/images_rig_cam5_1477843926992039523x2.png,images_rig_cam5_1477843926992039523x2.png,64x64,/l/vision/v5/sragas/ETH_3D/x4/images_rig_cam5_1477843926992039523x4.png,images_rig_cam5_1477843926992039523x4.png,128x128,/l/vision/v5/sragas/ETH_3D/x8/images_rig_cam5_1477843926992039523x8.png,images_rig_cam5_1477843926992039523x8.png,256x256,/l/vision/v5/sragas/ETH_3D/x16/images_rig_cam5_1477843926992039523x16.png,images_rig_cam5_1477843926992039523x16.png,512x512
944,/l/vision/v5/sragas/ETH_3D/x1/images_rig_cam4_1474982934379179972x1.png,images_rig_cam4_1474982934379179972x1.png,32x32,/l/vision/v5/sragas/ETH_3D/x2/images_rig_cam4_1474982934379179972x2.png,images_rig_cam4_1474982934379179972x2.png,64x64,/l/vision/v5/sragas/ETH_3D/x4/images_rig_cam4_1474982934379179972x4.png,images_rig_cam4_1474982934379179972x4.png,128x128,/l/vision/v5/sragas/ETH_3D/x8/images_rig_cam4_1474982934379179972x8.png,images_rig_cam4_1474982934379179972x8.png,256x256,/l/vision/v5/sragas/ETH_3D/x16/images_rig_cam4_1474982934379179972x16.png,images_rig_cam4_1474982934379179972x16.png,512x512
756,/l/vision/v5/sragas/ETH_3D/x1/images_rig_cam4_1474975208017266738x1.png,images_rig_cam4_1474975208017266738x1.png,32x32,/l/vision/v5/sragas/ETH_3D/x2/images_rig_cam4_1474975208017266738x2.png,images_rig_cam4_1474975208017266738x2.png,64x64,/l/vision/v5/sragas/ETH_3D/x4/images_rig_cam4_1474975208017266738x4.png,images_rig_cam4_1474975208017266738x4.png,128x128,/l/vision/v5/sragas/ETH_3D/x8/images_rig_cam4_1474975208017266738x8.png,images_rig_cam4_1474975208017266738x8.png,256x256,/l/vision/v5/sragas/ETH_3D/x16/images_rig_cam4_1474975208017266738x16.png,images_rig_cam4_1474975208017266738x16.png,512x512
1834,/l/vision/v5/sragas/ETH_3D/x1/images_rig_cam4_1477838502431345559x1.png,images_rig_cam4_1477838502431345559x1.png,32x32,/l/vision/v5/sragas/ETH_3D/x2/images_rig_cam4_1477838502431345559x2.png,images_rig_cam4_1477838502431345559x2.png,64x64,/l/vision/v5/sragas/ETH_3D/x4/images_rig_cam4_1477838502431345559x4.png,images_rig_cam4_1477838502431345559x4.png,128x128,/l/vision/v5/sragas/ETH_3D/x8/images_rig_cam4_1477838502431345559x8.png,images_rig_cam4_1477838502431345559x8.png,256x256,/l/vision/v5/sragas/ETH_3D/x16/images_rig_cam4_1477838502431345559x16.png,images_rig_cam4_1477838502431345559x16.png,512x512
1892,/l/vision/v5/sragas/ETH_3D/x1/images_rig_cam4_1477838506707569559x1.png,images_rig_cam4_1477838506707569559x1.png,32x32,/l/vision/v5/sragas/ETH_3D/x2/images_rig_cam4_1477838506707569559x2.png,images_rig_cam4_1477838506707569559x2.png,64x64,/l/vision/v5/sragas/ETH_3D/x4/images_rig_cam4_1477838506707569559x4.png,images_rig_cam4_1477838506707569559x4.png,128x128,/l/vision/v5/sragas/ETH_3D/x8/images_rig_cam4_1477838506707569559x8.png,images_rig_cam4_1477838506707569559x8.png,256x256,/l/vision/v5/sragas/ETH_3D/x16/images_rig_cam4_1477838506707569559x16.png,images_rig_cam4_1477838506707569559x16.png,512x512
921,/l/vision/v5/sragas/ETH_3D/x1/images_rig_cam4_1474982932609707972x1.png,images_rig_cam4_1474982932609707972x1.png,32x32,/l/vision/v5/sragas/ETH_3D/x2/images_rig_cam4_1474982932609707972x2.png,images_rig_cam4_1474982932609707972x2.png,64x64,/l/vision/v5/sragas/ETH_3D/x4/images_rig_cam4_1474982932609707972x4.png,images_rig_cam4_1474982932609707972x4.png,128x128,/l/vision/v5/sragas/ETH_3D/x8/images_rig_cam4_1474982932609707972x8.png,images_rig_cam4_1474982932609707972x8.png,256x256,/l/vision/v5/sragas/ETH_3D/x16/images_rig_cam4_1474982932609707972x16.png,images_rig_cam4_1474982932609707972x16.png,512x512
175,/l/vision/v5/sragas/ETH_3D/x1/images_rig_cam4_1477843930014887523x1.png,images_rig_cam4_1477843930014887523x1.png,32x32,/l/vision/v5/sragas/ETH_3D/x2/images_rig_cam4_1477843930014887523x2.png,images_rig_cam4_1477843930014887523x2.png,64x64,/l/vision/v5/sragas/ETH_3D/x4/images_rig_cam4_1477843930014887523x4.png,images_rig_cam4_1477843930014887523x4.png,128x128,/l/vision/v5/sragas/ETH_3D/x8/images_rig_cam4_1477843930014887523x8.png,images_rig_cam4_1477843930014887523x8.png,256x256,/l/vision/v5/sragas/ETH_3D/x16/images_rig_cam4_1477843930014887523x16.png,images_rig_cam4_1477843930014887523x16.png,512x512
561,/l/vision/v5/sragas/ETH_3D/x1/images_rig_cam4_1474975193566578738x1.png,images_rig_cam4_1474975193566578738x1.png,32x32,/l/vision/v5/sragas/ETH_3D/x2/images_rig_cam4_1474975193566578738x2.png,images_rig_cam4_1474975193566578738x2.png,64x64,/l/vision/v5/sragas/ETH_3D/x4/images_rig_cam4_1474975193566578738x4.png,images_rig_cam4_1474975193566578738x4.png,128x128,/l/vision/v5/sragas/ETH_3D/x8/images_rig_cam4_1474975193566578738x8.png,images_rig_cam4_1474975193566578738x8.png,256x256,/l/vision/v5/sragas/ETH_3D/x16/images_rig_cam4_1474975193566578738x16.png,images_rig_cam4_1474975193566578738x16.png,512x512
727,/l/vision/v5/sragas/ETH_3D/x1/images_rig_cam4_1474975205879154738x1.png,images_rig_cam4_1474975205879154738x1.png,32x32,/l/vision/v5/sragas/ETH_3D/x2/images_rig_cam4_1474975205879154738x2.png,images_rig_cam4_1474975205879154738x2.png,64x64,/l/vision/v5/sragas/ETH_3D/x4/images_rig_cam4_1474975205879154738x4.png,images_rig_cam4_1474975205879154738x4.png,128x128,/l/vision/v5/sragas/ETH_3D/x8/images_rig_cam4_1474975205879154738x8.png,images_rig_cam4_1474975205879154738x8.png,256x256,/l/vision/v5/sragas/ETH_3D/x16/images_rig_cam4_1474975205879154738x16.png,images_rig_cam4_1474975205879154738x16.png,512x512
963,/l/vision/v5/sragas/ETH_3D/x1/images_rig_cam4_1474982935780011972x1.png,images_rig_cam4_1474982935780011972x1.png,32x32,/l/vision/v5/sragas/ETH_3D/x2/images_rig_cam4_1474982935780011972x2.png,images_rig_cam4_1474982935780011972x2.png,64x64,/l/vision/v5/sragas/ETH_3D/x4/images_rig_cam4_1474982935780011972x4.png,images_rig_cam4_1474982935780011972x4.png,128x128,/l/vision/v5/sragas/ETH_3D/x8/images_rig_cam4_1474982935780011972x8.png,images_rig_cam4_1474982935780011972x8.png,256x256,/l/vision/v5/sragas/ETH_3D/x16/images_rig_cam4_1474982935780011972x16.png,images_rig_cam4_1474982935780011972x16.png,512x512
915,/l/vision/v5/sragas/ETH_3D/x1/images_rig_cam4_1474982932093611972x1.png,images_rig_cam4_1474982932093611972x1.png,32x32,/l/vision/v5/sragas/ETH_3D/x2/images_rig_cam4_1474982932093611972x2.png,images_rig_cam4_1474982932093611972x2.png,64x64,/l/vision/v5/sragas/ETH_3D/x4/images_rig_cam4_1474982932093611972x4.png,images_rig_cam4_1474982932093611972x4.png,128x128,/l/vision/v5/sragas/ETH_3D/x8/images_rig_cam4_1474982932093611972x8.png,images_rig_cam4_1474982932093611972x8.png,256x256,/l/vision/v5/sragas/ETH_3D/x16/images_rig_cam4_1474982932093611972x16.png,images_rig_cam4_1474982932093611972x16.png,512x512
334,/l/vision/v5/sragas/ETH_3D/x1/images_rig_cam5_1477843924264103523x1.png,images_rig_cam5_1477843924264103523x1.png,32x32,/l/vision/v5/sragas/ETH_3D/x2/images_rig_cam5_1477843924264103523x2.png,images_rig_cam5_1477843924264103523x2.png,64x64,/l/vision/v5/sragas/ETH_3D/x4/images_rig_cam5_1477843924264103523x4.png,images_rig_cam5_1477843924264103523x4.png,128x128,/l/vision/v5/sragas/ETH_3D/x8/images_rig_cam5_1477843924264103523x8.png,images_rig_cam5_1477843924264103523x8.png,256x256,/l/vision/v5/sragas/ETH_3D/x16/images_rig_cam5_1477843924264103523x16.png,images_rig_cam5_1477843924264103523x16.png,512x512
1103,/l/vision/v5/sragas/ETH_3D/x1/images_rig_cam5_1474982927006379972x1.png,images_rig_cam5_1474982927006379972x1.png,32x32,/l/vision/v5/sragas/ETH_3D/x2/images_rig_cam5_1474982927006379972x2.png,images_rig_cam5_1474982927006379972x2.png,64x64,/l/vision/v5/sragas/ETH_3D/x4/images_rig_cam5_1474982927006379972x4.png,images_rig_cam5_1474982927006379972x4.png,128x128,/l/vision/v5/sragas/ETH_3D/x8/images_rig_cam5_1474982927006379972x8.png,images_rig_cam5_1474982927006379972x8.png,256x256,/l/vision/v5/sragas/ETH_3D/x16/images_rig_cam5_1474982927006379972x16.png,images_rig_cam5_1474982927006379972x16.png,512x512
903,/l/vision/v5/sragas/ETH_3D/x1/images_rig_cam4_1474982931208875972x1.png,images_rig_cam4_1474982931208875972x1.png,32x32,/l/vision/v5/sragas/ETH_3D/x2/images_rig_cam4_1474982931208875972x2.png,images_rig_cam4_1474982931208875972x2.png,64x64,/l/vision/v5/sragas/ETH_3D/x4/images_rig_cam4_1474982931208875972x4.png,images_rig_cam4_1474982931208875972x4.png,128x128,/l/vision/v5/sragas/ETH_3D/x8/images_rig_cam4_1474982931208875972x8.png,images_rig_cam4_1474982931208875972x8.png,256x256,/l/vision/v5/sragas/ETH_3D/x16/images_rig_cam4_1474982931208875972x16.png,images_rig_cam4_1474982931208875972x16.png,512x512
1128,/l/vision/v5/sragas/ETH_3D/x1/images_rig_cam5_1474982928849579972x1.png,images_rig_cam5_1474982928849579972x1.png,32x32,/l/vision/v5/sragas/ETH_3D/x2/images_rig_cam5_1474982928849579972x2.png,images_rig_cam5_1474982928849579972x2.png,64x64,/l/vision/v5/sragas/ETH_3D/x4/images_rig_cam5_1474982928849579972x4.png,images_rig_cam5_1474982928849579972x4.png,128x128,/l/vision/v5/sragas/ETH_3D/x8/images_rig_cam5_1474982928849579972x8.png,images_rig_cam5_1474982928849579972x8.png,256x256,/l/vision/v5/sragas/ETH_3D/x16/images_rig_cam5_1474982928849579972x16.png,images_rig_cam5_1474982928849579972x16.png,512x512
1394,/l/vision/v5/sragas/ETH_3D/x1/images_rig_cam4_1477833692104683598x1.png,images_rig_cam4_1477833692104683598x1.png,32x32,/l/vision/v5/sragas/ETH_3D/x2/images_rig_cam4_1477833692104683598x2.png,images_rig_cam4_1477833692104683598x2.png,64x64,/l/vision/v5/sragas/ETH_3D/x4/images_rig_cam4_1477833692104683598x4.png,images_rig_cam4_1477833692104683598x4.png,128x128,/l/vision/v5/sragas/ETH_3D/x8/images_rig_cam4_1477833692104683598x8.png,images_rig_cam4_1477833692104683598x8.png,256x256,/l/vision/v5/sragas/ETH_3D/x16/images_rig_cam4_1477833692104683598x16.png,images_rig_cam4_1477833692104683598x16.png,512x512
1563,/l/vision/v5/sragas/ETH_3D/x1/images_rig_cam5_1477833686869995598x1.png,images_rig_cam5_1477833686869995598x1.png,32x32,/l/vision/v5/sragas/ETH_3D/x2/images_rig_cam5_1477833686869995598x2.png,images_rig_cam5_1477833686869995598x2.png,64x64,/l/vision/v5/sragas/ETH_3D/x4/images_rig_cam5_1477833686869995598x4.png,images_rig_cam5_1477833686869995598x4.png,128x128,/l/vision/v5/sragas/ETH_3D/x8/images_rig_cam5_1477833686869995598x8.png,images_rig_cam5_1477833686869995598x8.png,256x256,/l/vision/v5/sragas/ETH_3D/x16/images_rig_cam5_1477833686869995598x16.png,images_rig_cam5_1477833686869995598x16.png,512x512
1516,/l/vision/v5/sragas/ETH_3D/x1/images_rig_cam4_1477833701099499598x1.png,images_rig_cam4_1477833701099499598x1.png,32x32,/l/vision/v5/sragas/ETH_3D/x2/images_rig_cam4_1477833701099499598x2.png,images_rig_cam4_1477833701099499598x2.png,64x64,/l/vision/v5/sragas/ETH_3D/x4/images_rig_cam4_1477833701099499598x4.png,images_rig_cam4_1477833701099499598x4.png,128x128,/l/vision/v5/sragas/ETH_3D/x8/images_rig_cam4_1477833701099499598x8.png,images_rig_cam4_1477833701099499598x8.png,256x256,/l/vision/v5/sragas/ETH_3D/x16/images_rig_cam4_1477833701099499598x16.png,images_rig_cam4_1477833701099499598x16.png,512x512
1712,/l/vision/v5/sragas/ETH_3D/x1/images_rig_cam5_1477833697855467598x1.png,images_rig_cam5_1477833697855467598x1.png,32x32,/l/vision/v5/sragas/ETH_3D/x2/images_rig_cam5_1477833697855467598x2.png,images_rig_cam5_1477833697855467598x2.png,64x64,/l/vision/v5/sragas/ETH_3D/x4/images_rig_cam5_1477833697855467598x4.png,images_rig_cam5_1477833697855467598x4.png,128x128,/l/vision/v5/sragas/ETH_3D/x8/images_rig_cam5_1477833697855467598x8.png,images_rig_cam5_1477833697855467598x8.png,256x256,/l/vision/v5/sragas/ETH_3D/x16/images_rig_cam5_1477833697855467598x16.png,images_rig_cam5_1477833697855467598x16.png,512x512
1691,/l/vision/v5/sragas/ETH_3D/x1/images_rig_cam5_1477833696307179598x1.png,images_rig_cam5_1477833696307179598x1.png,32x32,/l/vision/v5/sragas/ETH_3D/x2/images_rig_cam5_1477833696307179598x2.png,images_rig_cam5_1477833696307179598x2.png,64x64,/l/vision/v5/sragas/ETH_3D/x4/images_rig_cam5_1477833696307179598x4.png,images_rig_cam5_1477833696307179598x4.png,128x128,/l/vision/v5/sragas/ETH_3D/x8/images_rig_cam5_1477833696307179598x8.png,images_rig_cam5_1477833696307179598x8.png,256x256,/l/vision/v5/sragas/ETH_3D/x16/images_rig_cam5_1477833696307179598x16.png,images_rig_cam5_1477833696307179598x16.png,512x512
198,/l/vision/v5/sragas/ETH_3D/x1/images_rig_cam4_1477843931710631523x1.png,images_rig_cam4_1477843931710631523x1.png,32x32,/l/vision/v5/sragas/ETH_3D/x2/images_rig_cam4_1477843931710631523x2.png,images_rig_cam4_1477843931710631523x2.png,64x64,/l/vision/v5/sragas/ETH_3D/x4/images_rig_cam4_1477843931710631523x4.png,images_rig_cam4_1477843931710631523x4.png,128x128,/l/vision/v5/sragas/ETH_3D/x8/images_rig_cam4_1477843931710631523x8.png,images_rig_cam4_1477843931710631523x8.png,256x256,/l/vision/v5/sragas/ETH_3D/x16/images_rig_cam4_1477843931710631523x16.png,images_rig_cam4_1477843931710631523x16.png,512x512
15,/l/vision/v5/sragas/ETH_3D/x1/images_rig_cam4_1477843918218407523x1.png,images_rig_cam4_1477843918218407523x1.png,32x32,/l/vision/v5/sragas/ETH_3D/x2/images_rig_cam4_1477843918218407523x2.png,images_rig_cam4_1477843918218407523x2.png,64x64,/l/vision/v5/sragas/ETH_3D/x4/images_rig_cam4_1477843918218407523x4.png,images_rig_cam4_1477843918218407523x4.png,128x128,/l/vision/v5/sragas/ETH_3D/x8/images_rig_cam4_1477843918218407523x8.png,images_rig_cam4_1477843918218407523x8.png,256x256,/l/vision/v5/sragas/ETH_3D/x16/images_rig_cam4_1477843918218407523x16.png,images_rig_cam4_1477843918218407523x16.png,512x512
265,/l/vision/v5/sragas/ETH_3D/x1/images_rig_cam5_1477843919176871523x1.png,images_rig_cam5_1477843919176871523x1.png,32x32,/l/vision/v5/sragas/ETH_3D/x2/images_rig_cam5_1477843919176871523x2.png,images_rig_cam5_1477843919176871523x2.png,64x64,/l/vision/v5/sragas/ETH_3D/x4/images_rig_cam5_1477843919176871523x4.png,images_rig_cam5_1477843919176871523x4.png,128x128,/l/vision/v5/sragas/ETH_3D/x8/images_rig_cam5_1477843919176871523x8.png,images_rig_cam5_1477843919176871523x8.png,256x256,/l/vision/v5/sragas/ETH_3D/x16/images_rig_cam5_1477843919176871523x16.png,images_rig_cam5_1477843919176871523x16.png,512x512
631,/l/vision/v5/sragas/ETH_3D/x1/images_rig_cam4_1474975198801266738x1.png,images_rig_cam4_1474975198801266738x1.png,32x32,/l/vision/v5/sragas/ETH_3D/x2/images_rig_cam4_1474975198801266738x2.png,images_rig_cam4_1474975198801266738x2.png,64x64,/l/vision/v5/sragas/ETH_3D/x4/images_rig_cam4_1474975198801266738x4.png,images_rig_cam4_1474975198801266738x4.png,128x128,/l/vision/v5/sragas/ETH_3D/x8/images_rig_cam4_1474975198801266738x8.png,images_rig_cam4_1474975198801266738x8.png,256x256,/l/vision/v5/sragas/ETH_3D/x16/images_rig_cam4_1474975198801266738x16.png,images_rig_cam4_1474975198801266738x16.png,512x512
1204,/l/vision/v5/sragas/ETH_3D/x1/images_rig_cam5_1474982934600363972x1.png,images_rig_cam5_1474982934600363972x1.png,32x32,/l/vision/v5/sragas/ETH_3D/x2/images_rig_cam5_1474982934600363972x2.png,images_rig_cam5_1474982934600363972x2.png,64x64,/l/vision/v5/sragas/ETH_3D/x4/images_rig_cam5_1474982934600363972x4.png,images_rig_cam5_1474982934600363972x4.png,128x128,/l/vision/v5/sragas/ETH_3D/x8/images_rig_cam5_1474982934600363972x8.png,images_rig_cam5_1474982934600363972x8.png,256x256,/l/vision/v5/sragas/ETH_3D/x16/images_rig_cam5_1474982934600363972x16.png,images_rig_cam5_1474982934600363972x16.png,512x512
925,/l/vision/v5/sragas/ETH_3D/x1/images_rig_cam4_1474982932904619972x1.png,images_rig_cam4_1474982932904619972x1.png,32x32,/l/vision/v5/sragas/ETH_3D/x2/images_rig_cam4_1474982932904619972x2.png,images_rig_cam4_1474982932904619972x2.png,64x64,/l/vision/v5/sragas/ETH_3D/x4/images_rig_cam4_1474982932904619972x4.png,images_rig_cam4_1474982932904619972x4.png,128x128,/l/vision/v5/sragas/ETH_3D/x8/images_rig_cam4_1474982932904619972x8.png,images_rig_cam4_1474982932904619972x8.png,256x256,/l/vision/v5/sragas/ETH_3D/x16/images_rig_cam4_1474982932904619972x16.png,images_rig_cam4_1474982932904619972x16.png,512x512
1825,/l/vision/v5/sragas/ETH_3D/x1/images_rig_cam4_1477838501767793559x1.png,images_rig_cam4_1477838501767793559x1.png,32x32,/l/vision/v5/sragas/ETH_3D/x2/images_rig_cam4_1477838501767793559x2.png,images_rig_cam4_1477838501767793559x2.png,64x64,/l/vision/v5/sragas/ETH_3D/x4/images_rig_cam4_1477838501767793559x4.png,images_rig_cam4_1477838501767793559x4.png,128x128,/l/vision/v5/sragas/ETH_3D/x8/images_rig_cam4_1477838501767793559x8.png,images_rig_cam4_1477838501767793559x8.png,256x256,/l/vision/v5/sragas/ETH_3D/x16/images_rig_cam4_1477838501767793559x16.png,images_rig_cam4_1477838501767793559x16.png,512x512
1507,/l/vision/v5/sragas/ETH_3D/x1/images_rig_cam4_1477833700435947598x1.png,images_rig_cam4_1477833700435947598x1.png,32x32,/l/vision/v5/sragas/ETH_3D/x2/images_rig_cam4_1477833700435947598x2.png,images_rig_cam4_1477833700435947598x2.png,64x64,/l/vision/v5/sragas/ETH_3D/x4/images_rig_cam4_1477833700435947598x4.png,images_rig_cam4_1477833700435947598x4.png,128x128,/l/vision/v5/sragas/ETH_3D/x8/images_rig_cam4_1477833700435947598x8.png,images_rig_cam4_1477833700435947598x8.png,256x256,/l/vision/v5/sragas/ETH_3D/x16/images_rig_cam4_1477833700435947598x16.png,images_rig_cam4_1477833700435947598x16.png,512x512
1900,/l/vision/v5/sragas/ETH_3D/x1/images_rig_cam4_1477838507297393559x1.png,images_rig_cam4_1477838507297393559x1.png,32x32,/l/vision/v5/sragas/ETH_3D/x2/images_rig_cam4_1477838507297393559x2.png,images_rig_cam4_1477838507297393559x2.png,64x64,/l/vision/v5/sragas/ETH_3D/x4/images_rig_cam4_1477838507297393559x4.png,images_rig_cam4_1477838507297393559x4.png,128x128,/l/vision/v5/sragas/ETH_3D/x8/images_rig_cam4_1477838507297393559x8.png,images_rig_cam4_1477838507297393559x8.png,256x256,/l/vision/v5/sragas/ETH_3D/x16/images_rig_cam4_1477838507297393559x16.png,images_rig_cam4_1477838507297393559x16.png,512x512
1187,/l/vision/v5/sragas/ETH_3D/x1/images_rig_cam5_1474982933273259972x1.png,images_rig_cam5_1474982933273259972x1.png,32x32,/l/vision/v5/sragas/ETH_3D/x2/images_rig_cam5_1474982933273259972x2.png,images_rig_cam5_1474982933273259972x2.png,64x64,/l/vision/v5/sragas/ETH_3D/x4/images_rig_cam5_1474982933273259972x4.png,images_rig_cam5_1474982933273259972x4.png,128x128,/l/vision/v5/sragas/ETH_3D/x8/images_rig_cam5_1474982933273259972x8.png,images_rig_cam5_1474982933273259972x8.png,256x256,/l/vision/v5/sragas/ETH_3D/x16/images_rig_cam5_1474982933273259972x16.png,images_rig_cam5_1474982933273259972x16.png,512x512
1509,/l/vision/v5/sragas/ETH_3D/x1/images_rig_cam4_1477833700583403598x1.png,images_rig_cam4_1477833700583403598x1.png,32x32,/l/vision/v5/sragas/ETH_3D/x2/images_rig_cam4_1477833700583403598x2.png,images_rig_cam4_1477833700583403598x2.png,64x64,/l/vision/v5/sragas/ETH_3D/x4/images_rig_cam4_1477833700583403598x4.png,images_rig_cam4_1477833700583403598x4.png,128x128,/l/vision/v5/sragas/ETH_3D/x8/images_rig_cam4_1477833700583403598x8.png,images_rig_cam4_1477833700583403598x8.png,256x256,/l/vision/v5/sragas/ETH_3D/x16/images_rig_cam4_1477833700583403598x16.png,images_rig_cam4_1477833700583403598x16.png,512x512
1775,/l/vision/v5/sragas/ETH_3D/x1/images_rig_cam4_1477838498081393559x1.png,images_rig_cam4_1477838498081393559x1.png,32x32,/l/vision/v5/sragas/ETH_3D/x2/images_rig_cam4_1477838498081393559x2.png,images_rig_cam4_1477838498081393559x2.png,64x64,/l/vision/v5/sragas/ETH_3D/x4/images_rig_cam4_1477838498081393559x4.png,images_rig_cam4_1477838498081393559x4.png,128x128,/l/vision/v5/sragas/ETH_3D/x8/images_rig_cam4_1477838498081393559x8.png,images_rig_cam4_1477838498081393559x8.png,256x256,/l/vision/v5/sragas/ETH_3D/x16/images_rig_cam4_1477838498081393559x16.png,images_rig_cam4_1477838498081393559x16.png,512x512
465,/l/vision/v5/sragas/ETH_3D/x1/images_rig_cam5_1477843933922471523x1.png,images_rig_cam5_1477843933922471523x1.png,32x32,/l/vision/v5/sragas/ETH_3D/x2/images_rig_cam5_1477843933922471523x2.png,images_rig_cam5_1477843933922471523x2.png,64x64,/l/vision/v5/sragas/ETH_3D/x4/images_rig_cam5_1477843933922471523x4.png,images_rig_cam5_1477843933922471523x4.png,128x128,/l/vision/v5/sragas/ETH_3D/x8/images_rig_cam5_1477843933922471523x8.png,images_rig_cam5_1477843933922471523x8.png,256x256,/l/vision/v5/sragas/ETH_3D/x16/images_rig_cam5_1477843933922471523x16.png,images_rig_cam5_1477843933922471523x16.png,512x512
1005,/l/vision/v5/sragas/ETH_3D/x1/images_rig_cam4_1474982938876587972x1.png,images_rig_cam4_1474982938876587972x1.png,32x32,/l/vision/v5/sragas/ETH_3D/x2/images_rig_cam4_1474982938876587972x2.png,images_rig_cam4_1474982938876587972x2.png,64x64,/l/vision/v5/sragas/ETH_3D/x4/images_rig_cam4_1474982938876587972x4.png,images_rig_cam4_1474982938876587972x4.png,128x128,/l/vision/v5/sragas/ETH_3D/x8/images_rig_cam4_1474982938876587972x8.png,images_rig_cam4_1474982938876587972x8.png,256x256,/l/vision/v5/sragas/ETH_3D/x16/images_rig_cam4_1474982938876587972x16.png,images_rig_cam4_1474982938876587972x16.png,512x512
199,/l/vision/v5/sragas/ETH_3D/x1/images_rig_cam4_1477843931784359523x1.png,images_rig_cam4_1477843931784359523x1.png,32x32,/l/vision/v5/sragas/ETH_3D/x2/images_rig_cam4_1477843931784359523x2.png,images_rig_cam4_1477843931784359523x2.png,64x64,/l/vision/v5/sragas/ETH_3D/x4/images_rig_cam4_1477843931784359523x4.png,images_rig_cam4_1477843931784359523x4.png,128x128,/l/vision/v5/sragas/ETH_3D/x8/images_rig_cam4_1477843931784359523x8.png,images_rig_cam4_1477843931784359523x8.png,256x256,/l/vision/v5/sragas/ETH_3D/x16/images_rig_cam4_1477843931784359523x16.png,images_rig_cam4_1477843931784359523x16.png,512x512
824,/l/vision/v5/sragas/ETH_3D/x1/images_rig_cam4_1474982925384363972x1.png,images_rig_cam4_1474982925384363972x1.png,32x32,/l/vision/v5/sragas/ETH_3D/x2/images_rig_cam4_1474982925384363972x2.png,images_rig_cam4_1474982925384363972x2.png,64x64,/l/vision/v5/sragas/ETH_3D/x4/images_rig_cam4_1474982925384363972x4.png,images_rig_cam4_1474982925384363972x4.png,128x128,/l/vision/v5/sragas/ETH_3D/x8/images_rig_cam4_1474982925384363972x8.png,images_rig_cam4_1474982925384363972x8.png,256x256,/l/vision/v5/sragas/ETH_3D/x16/images_rig_cam4_1474982925384363972x16.png,images_rig_cam4_1474982925384363972x16.png,512x512
1644,/l/vision/v5/sragas/ETH_3D/x1/images_rig_cam5_1477833692841963598x1.png,images_rig_cam5_1477833692841963598x1.png,32x32,/l/vision/v5/sragas/ETH_3D/x2/images_rig_cam5_1477833692841963598x2.png,images_rig_cam5_1477833692841963598x2.png,64x64,/l/vision/v5/sragas/ETH_3D/x4/images_rig_cam5_1477833692841963598x4.png,images_rig_cam5_1477833692841963598x4.png,128x128,/l/vision/v5/sragas/ETH_3D/x8/images_rig_cam5_1477833692841963598x8.png,images_rig_cam5_1477833692841963598x8.png,256x256,/l/vision/v5/sragas/ETH_3D/x16/images_rig_cam5_1477833692841963598x16.png,images_rig_cam5_1477833692841963598x16.png,512x512
1287,/l/vision/v5/sragas/ETH_3D/x1/images_rig_cam5_1474982940719787972x1.png,images_rig_cam5_1474982940719787972x1.png,32x32,/l/vision/v5/sragas/ETH_3D/x2/images_rig_cam5_1474982940719787972x2.png,images_rig_cam5_1474982940719787972x2.png,64x64,/l/vision/v5/sragas/ETH_3D/x4/images_rig_cam5_1474982940719787972x4.png,images_rig_cam5_1474982940719787972x4.png,128x128,/l/vision/v5/sragas/ETH_3D/x8/images_rig_cam5_1474982940719787972x8.png,images_rig_cam5_1474982940719787972x8.png,256x256,/l/vision/v5/sragas/ETH_3D/x16/images_rig_cam5_1474982940719787972x16.png,images_rig_cam5_1474982940719787972x16.png,512x512
1018,/l/vision/v5/sragas/ETH_3D/x1/images_rig_cam4_1474982939835051972x1.png,images_rig_cam4_1474982939835051972x1.png,32x32,/l/vision/v5/sragas/ETH_3D/x2/images_rig_cam4_1474982939835051972x2.png,images_rig_cam4_1474982939835051972x2.png,64x64,/l/vision/v5/sragas/ETH_3D/x4/images_rig_cam4_1474982939835051972x4.png,images_rig_cam4_1474982939835051972x4.png,128x128,/l/vision/v5/sragas/ETH_3D/x8/images_rig_cam4_1474982939835051972x8.png,images_rig_cam4_1474982939835051972x8.png,256x256,/l/vision/v5/sragas/ETH_3D/x16/images_rig_cam4_1474982939835051972x16.png,images_rig_cam4_1474982939835051972x16.png,512x512
755,/l/vision/v5/sragas/ETH_3D/x1/images_rig_cam4_1474975207943538738x1.png,images_rig_cam4_1474975207943538738x1.png,32x32,/l/vision/v5/sragas/ETH_3D/x2/images_rig_cam4_1474975207943538738x2.png,images_rig_cam4_1474975207943538738x2.png,64x64,/l/vision/v5/sragas/ETH_3D/x4/images_rig_cam4_1474975207943538738x4.png,images_rig_cam4_1474975207943538738x4.png,128x128,/l/vision/v5/sragas/ETH_3D/x8/images_rig_cam4_1474975207943538738x8.png,images_rig_cam4_1474975207943538738x8.png,256x256,/l/vision/v5/sragas/ETH_3D/x16/images_rig_cam4_1474975207943538738x16.png,images_rig_cam4_1474975207943538738x16.png,512x512
1094,/l/vision/v5/sragas/ETH_3D/x1/images_rig_cam5_1474982926342827972x1.png,images_rig_cam5_1474982926342827972x1.png,32x32,/l/vision/v5/sragas/ETH_3D/x2/images_rig_cam5_1474982926342827972x2.png,images_rig_cam5_1474982926342827972x2.png,64x64,/l/vision/v5/sragas/ETH_3D/x4/images_rig_cam5_1474982926342827972x4.png,images_rig_cam5_1474982926342827972x4.png,128x128,/l/vision/v5/sragas/ETH_3D/x8/images_rig_cam5_1474982926342827972x8.png,images_rig_cam5_1474982926342827972x8.png,256x256,/l/vision/v5/sragas/ETH_3D/x16/images_rig_cam5_1474982926342827972x16.png,images_rig_cam5_1474982926342827972x16.png,512x512
555,/l/vision/v5/sragas/ETH_3D/x1/images_rig_cam4_1474975193124210738x1.png,images_rig_cam4_1474975193124210738x1.png,32x32,/l/vision/v5/sragas/ETH_3D/x2/images_rig_cam4_1474975193124210738x2.png,images_rig_cam4_1474975193124210738x2.png,64x64,/l/vision/v5/sragas/ETH_3D/x4/images_rig_cam4_1474975193124210738x4.png,images_rig_cam4_1474975193124210738x4.png,128x128,/l/vision/v5/sragas/ETH_3D/x8/images_rig_cam4_1474975193124210738x8.png,images_rig_cam4_1474975193124210738x8.png,256x256,/l/vision/v5/sragas/ETH_3D/x16/images_rig_cam4_1474975193124210738x16.png,images_rig_cam4_1474975193124210738x16.png,512x512
478,/l/vision/v5/sragas/ETH_3D/x1/images_rig_cam5_1477843934880935523x1.png,images_rig_cam5_1477843934880935523x1.png,32x32,/l/vision/v5/sragas/ETH_3D/x2/images_rig_cam5_1477843934880935523x2.png,images_rig_cam5_1477843934880935523x2.png,64x64,/l/vision/v5/sragas/ETH_3D/x4/images_rig_cam5_1477843934880935523x4.png,images_rig_cam5_1477843934880935523x4.png,128x128,/l/vision/v5/sragas/ETH_3D/x8/images_rig_cam5_1477843934880935523x8.png,images_rig_cam5_1477843934880935523x8.png,256x256,/l/vision/v5/sragas/ETH_3D/x16/images_rig_cam5_1477843934880935523x16.png,images_rig_cam5_1477843934880935523x16.png,512x512
1473,/l/vision/v5/sragas/ETH_3D/x1/images_rig_cam4_1477833697929195598x1.png,images_rig_cam4_1477833697929195598x1.png,32x32,/l/vision/v5/sragas/ETH_3D/x2/images_rig_cam4_1477833697929195598x2.png,images_rig_cam4_1477833697929195598x2.png,64x64,/l/vision/v5/sragas/ETH_3D/x4/images_rig_cam4_1477833697929195598x4.png,images_rig_cam4_1477833697929195598x4.png,128x128,/l/vision/v5/sragas/ETH_3D/x8/images_rig_cam4_1477833697929195598x8.png,images_rig_cam4_1477833697929195598x8.png,256x256,/l/vision/v5/sragas/ETH_3D/x16/images_rig_cam4_1477833697929195598x16.png,images_rig_cam4_1477833697929195598x16.png,512x512
1720,/l/vision/v5/sragas/ETH_3D/x1/images_rig_cam5_1477833698445291598x1.png,images_rig_cam5_1477833698445291598x1.png,32x32,/l/vision/v5/sragas/ETH_3D/x2/images_rig_cam5_1477833698445291598x2.png,images_rig_cam5_1477833698445291598x2.png,64x64,/l/vision/v5/sragas/ETH_3D/x4/images_rig_cam5_1477833698445291598x4.png,images_rig_cam5_1477833698445291598x4.png,128x128,/l/vision/v5/sragas/ETH_3D/x8/images_rig_cam5_1477833698445291598x8.png,images_rig_cam5_1477833698445291598x8.png,256x256,/l/vision/v5/sragas/ETH_3D/x16/images_rig_cam5_1477833698445291598x16.png,images_rig_cam5_1477833698445291598x16.png,512x512
1427,/l/vision/v5/sragas/ETH_3D/x1/images_rig_cam4_1477833694537707598x1.png,images_rig_cam4_1477833694537707598x1.png,32x32,/l/vision/v5/sragas/ETH_3D/x2/images_rig_cam4_1477833694537707598x2.png,images_rig_cam4_1477833694537707598x2.png,64x64,/l/vision/v5/sragas/ETH_3D/x4/images_rig_cam4_1477833694537707598x4.png,images_rig_cam4_1477833694537707598x4.png,128x128,/l/vision/v5/sragas/ETH_3D/x8/images_rig_cam4_1477833694537707598x8.png,images_rig_cam4_1477833694537707598x8.png,256x256,/l/vision/v5/sragas/ETH_3D/x16/images_rig_cam4_1477833694537707598x16.png,images_rig_cam4_1477833694537707598x16.png,512x512
1541,/l/vision/v5/sragas/ETH_3D/x1/images_rig_cam5_1477833685247979598x1.png,images_rig_cam5_1477833685247979598x1.png,32x32,/l/vision/v5/sragas/ETH_3D/x2/images_rig_cam5_1477833685247979598x2.png,images_rig_cam5_1477833685247979598x2.png,64x64,/l/vision/v5/sragas/ETH_3D/x4/images_rig_cam5_1477833685247979598x4.png,images_rig_cam5_1477833685247979598x4.png,128x128,/l/vision/v5/sragas/ETH_3D/x8/images_rig_cam5_1477833685247979598x8.png,images_rig_cam5_1477833685247979598x8.png,256x256,/l/vision/v5/sragas/ETH_3D/x16/images_rig_cam5_1477833685247979598x16.png,images_rig_cam5_1477833685247979598x16.png,512x512
680,/l/vision/v5/sragas/ETH_3D/x1/images_rig_cam4_1474975202413938738x1.png,images_rig_cam4_1474975202413938738x1.png,32x32,/l/vision/v5/sragas/ETH_3D/x2/images_rig_cam4_1474975202413938738x2.png,images_rig_cam4_1474975202413938738x2.png,64x64,/l/vision/v5/sragas/ETH_3D/x4/images_rig_cam4_1474975202413938738x4.png,images_rig_cam4_1474975202413938738x4.png,128x128,/l/vision/v5/sragas/ETH_3D/x8/images_rig_cam4_1474975202413938738x8.png,images_rig_cam4_1474975202413938738x8.png,256x256,/l/vision/v5/sragas/ETH_3D/x16/images_rig_cam4_1474975202413938738x16.png,images_rig_cam4_1474975202413938738x16.png,512x512
1353,/l/vision/v5/sragas/ETH_3D/x1/images_rig_cam4_1477833689081835598x1.png,images_rig_cam4_1477833689081835598x1.png,32x32,/l/vision/v5/sragas/ETH_3D/x2/images_rig_cam4_1477833689081835598x2.png,images_rig_cam4_1477833689081835598x2.png,64x64,/l/vision/v5/sragas/ETH_3D/x4/images_rig_cam4_1477833689081835598x4.png,images_rig_cam4_1477833689081835598x4.png,128x128,/l/vision/v5/sragas/ETH_3D/x8/images_rig_cam4_1477833689081835598x8.png,images_rig_cam4_1477833689081835598x8.png,256x256,/l/vision/v5/sragas/ETH_3D/x16/images_rig_cam4_1477833689081835598x16.png,images_rig_cam4_1477833689081835598x16.png,512x512
1043,/l/vision/v5/sragas/ETH_3D/x1/images_rig_cam5_1474982922582699972x1.png,images_rig_cam5_1474982922582699972x1.png,32x32,/l/vision/v5/sragas/ETH_3D/x2/images_rig_cam5_1474982922582699972x2.png,images_rig_cam5_1474982922582699972x2.png,64x64,/l/vision/v5/sragas/ETH_3D/x4/images_rig_cam5_1474982922582699972x4.png,images_rig_cam5_1474982922582699972x4.png,128x128,/l/vision/v5/sragas/ETH_3D/x8/images_rig_cam5_1474982922582699972x8.png,images_rig_cam5_1474982922582699972x8.png,256x256,/l/vision/v5/sragas/ETH_3D/x16/images_rig_cam5_1474982922582699972x16.png,images_rig_cam5_1474982922582699972x16.png,512x512
1366,/l/vision/v5/sragas/ETH_3D/x1/images_rig_cam4_1477833690040299598x1.png,images_rig_cam4_1477833690040299598x1.png,32x32,/l/vision/v5/sragas/ETH_3D/x2/images_rig_cam4_1477833690040299598x2.png,images_rig_cam4_1477833690040299598x2.png,64x64,/l/vision/v5/sragas/ETH_3D/x4/images_rig_cam4_1477833690040299598x4.png,images_rig_cam4_1477833690040299598x4.png,128x128,/l/vision/v5/sragas/ETH_3D/x8/images_rig_cam4_1477833690040299598x8.png,images_rig_cam4_1477833690040299598x8.png,256x256,/l/vision/v5/sragas/ETH_3D/x16/images_rig_cam4_1477833690040299598x16.png,images_rig_cam4_1477833690040299598x16.png,512x512
310,/l/vision/v5/sragas/ETH_3D/x1/images_rig_cam5_1477843922494631523x1.png,images_rig_cam5_1477843922494631523x1.png,32x32,/l/vision/v5/sragas/ETH_3D/x2/images_rig_cam5_1477843922494631523x2.png,images_rig_cam5_1477843922494631523x2.png,64x64,/l/vision/v5/sragas/ETH_3D/x4/images_rig_cam5_1477843922494631523x4.png,images_rig_cam5_1477843922494631523x4.png,128x128,/l/vision/v5/sragas/ETH_3D/x8/images_rig_cam5_1477843922494631523x8.png,images_rig_cam5_1477843922494631523x8.png,256x256,/l/vision/v5/sragas/ETH_3D/x16/images_rig_cam5_1477843922494631523x16.png,images_rig_cam5_1477843922494631523x16.png,512x512
56,/l/vision/v5/sragas/ETH_3D/x1/images_rig_cam4_1477843921241255523x1.png,images_rig_cam4_1477843921241255523x1.png,32x32,/l/vision/v5/sragas/ETH_3D/x2/images_rig_cam4_1477843921241255523x2.png,images_rig_cam4_1477843921241255523x2.png,64x64,/l/vision/v5/sragas/ETH_3D/x4/images_rig_cam4_1477843921241255523x4.png,images_rig_cam4_1477843921241255523x4.png,128x128,/l/vision/v5/sragas/ETH_3D/x8/images_rig_cam4_1477843921241255523x8.png,images_rig_cam4_1477843921241255523x8.png,256x256,/l/vision/v5/sragas/ETH_3D/x16/images_rig_cam4_1477843921241255523x16.png,images_rig_cam4_1477843921241255523x16.png,512x512
757,/l/vision/v5/sragas/ETH_3D/x1/images_rig_cam4_1474975208090994738x1.png,images_rig_cam4_1474975208090994738x1.png,32x32,/l/vision/v5/sragas/ETH_3D/x2/images_rig_cam4_1474975208090994738x2.png,images_rig_cam4_1474975208090994738x2.png,64x64,/l/vision/v5/sragas/ETH_3D/x4/images_rig_cam4_1474975208090994738x4.png,images_rig_cam4_1474975208090994738x4.png,128x128,/l/vision/v5/sragas/ETH_3D/x8/images_rig_cam4_1474975208090994738x8.png,images_rig_cam4_1474975208090994738x8.png,256x256,/l/vision/v5/sragas/ETH_3D/x16/images_rig_cam4_1474975208090994738x16.png,images_rig_cam4_1474975208090994738x16.png,512x512
767,/l/vision/v5/sragas/ETH_3D/x1/images_rig_cam4_1474975208828274738x1.png,images_rig_cam4_1474975208828274738x1.png,32x32,/l/vision/v5/sragas/ETH_3D/x2/images_rig_cam4_1474975208828274738x2.png,images_rig_cam4_1474975208828274738x2.png,64x64,/l/vision/v5/sragas/ETH_3D/x4/images_rig_cam4_1474975208828274738x4.png,images_rig_cam4_1474975208828274738x4.png,128x128,/l/vision/v5/sragas/ETH_3D/x8/images_rig_cam4_1474975208828274738x8.png,images_rig_cam4_1474975208828274738x8.png,256x256,/l/vision/v5/sragas/ETH_3D/x16/images_rig_cam4_1474975208828274738x16.png,images_rig_cam4_1474975208828274738x16.png,512x512
43,/l/vision/v5/sragas/ETH_3D/x1/images_rig_cam4_1477843920282791523x1.png,images_rig_cam4_1477843920282791523x1.png,32x32,/l/vision/v5/sragas/ETH_3D/x2/images_rig_cam4_1477843920282791523x2.png,images_rig_cam4_1477843920282791523x2.png,64x64,/l/vision/v5/sragas/ETH_3D/x4/images_rig_cam4_1477843920282791523x4.png,images_rig_cam4_1477843920282791523x4.png,128x128,/l/vision/v5/sragas/ETH_3D/x8/images_rig_cam4_1477843920282791523x8.png,images_rig_cam4_1477843920282791523x8.png,256x256,/l/vision/v5/sragas/ETH_3D/x16/images_rig_cam4_1477843920282791523x16.png,images_rig_cam4_1477843920282791523x16.png,512x512
274,/l/vision/v5/sragas/ETH_3D/x1/images_rig_cam5_1477843919840423523x1.png,images_rig_cam5_1477843919840423523x1.png,32x32,/l/vision/v5/sragas/ETH_3D/x2/images_rig_cam5_1477843919840423523x2.png,images_rig_cam5_1477843919840423523x2.png,64x64,/l/vision/v5/sragas/ETH_3D/x4/images_rig_cam5_1477843919840423523x4.png,images_rig_cam5_1477843919840423523x4.png,128x128,/l/vision/v5/sragas/ETH_3D/x8/images_rig_cam5_1477843919840423523x8.png,images_rig_cam5_1477843919840423523x8.png,256x256,/l/vision/v5/sragas/ETH_3D/x16/images_rig_cam5_1477843919840423523x16.png,images_rig_cam5_1477843919840423523x16.png,512x512
101,/l/vision/v5/sragas/ETH_3D/x1/images_rig_cam4_1477843924559015523x1.png,images_rig_cam4_1477843924559015523x1.png,32x32,/l/vision/v5/sragas/ETH_3D/x2/images_rig_cam4_1477843924559015523x2.png,images_rig_cam4_1477843924559015523x2.png,64x64,/l/vision/v5/sragas/ETH_3D/x4/images_rig_cam4_1477843924559015523x4.png,images_rig_cam4_1477843924559015523x4.png,128x128,/l/vision/v5/sragas/ETH_3D/x8/images_rig_cam4_1477843924559015523x8.png,images_rig_cam4_1477843924559015523x8.png,256x256,/l/vision/v5/sragas/ETH_3D/x16/images_rig_cam4_1477843924559015523x16.png,images_rig_cam4_1477843924559015523x16.png,512x512
